x0,x1,x2,x3,x4,x5,x6,x7,x8,x9,x10,x11,x12,x13,x14,x15,x16,x17,x18,x19,x20,y0,y1,y2,y3,y4,y5,y6,y7,y8,y9,y10,y11,y12,y13,y14,y15,y16,y17,y18,y19,y20,z0,z1,z2,z3,z4,z5,z6,z7,z8,z9,z10,z11,z12,z13,z14,z15,z16,z17,z18,z19,z20,label
0.718234658241272,0.9658679962158203,5.470565724863263e-07,0.5979812145233154,0.9308081865310669,-0.048816729336977005,0.49690374732017517,0.8141193389892578,-0.07147946953773499,0.4351545572280884,0.6981876492500305,-0.09099146723747253,0.3979234993457794,0.589739203453064,-0.10723258554935455,0.5413079261779785,0.5768771767616272,-0.018841980025172234,0.4971281886100769,0.414915531873703,-0.05044722929596901,0.4743855595588684,0.3176582455635071,-0.08138033747673035,0.4599894881248474,0.22696250677108765,-0.10477031767368317,0.6061713099479675,0.5399751663208008,-0.022337475791573524,0.5610717535018921,0.36624085903167725,-0.046512670814991,0.5326006412506104,0.25340980291366577,-0.07407096773386002,0.5072819590568542,0.1582067608833313,-0.09478238970041275,0.677338719367981,0.5394083857536316,-0.03441469743847847,0.6423792243003845,0.3732118606567383,-0.059807807207107544,0.6170019507408142,0.27103015780448914,-0.0789104476571083,0.5916554927825928,0.18208640813827515,-0.092800073325634,0.7563678622245789,0.5665284991264343,-0.052311379462480545,0.7463192343711853,0.4245627224445343,-0.07607080042362213,0.738711416721344,0.3322353661060333,-0.08607315272092819,0.7300674319267273,0.24699586629867554,-0.09224117547273636,hello
0.6563470363616943,0.9713473916053772,3.00955036891537e-07,0.5682509541511536,0.9282638430595398,-0.022155843675136566,0.4919041395187378,0.7920753955841064,-0.030800627544522285,0.44496244192123413,0.6970604658126831,-0.04088659584522247,0.3972221612930298,0.6343485116958618,-0.051932208240032196,0.559965193271637,0.5650330781936646,-0.004632984288036823,0.5357218980789185,0.42194244265556335,-0.02431606315076351,0.5128820538520813,0.33437687158584595,-0.04677563160657883,0.4921775460243225,0.25900474190711975,-0.06662124395370483,0.6143214702606201,0.5414815545082092,-0.022773083299398422,0.5854999423027039,0.36701205372810364,-0.04407806321978569,0.5561008453369141,0.25262197852134705,-0.0686929002404213,0.5268514752388,0.16475021839141846,-0.08802992850542068,0.6724113821983337,0.555672287940979,-0.04690026864409447,0.6631307005882263,0.3665822744369507,-0.07462907582521439,0.6430620551109314,0.248519629240036,-0.10096049308776855,0.6203880906105042,0.14977410435676575,-0.1208607405424118,0.7298048138618469,0.6003947854042053,-0.07368522882461548,0.7536366581916809,0.4421938955783844,-0.10408960282802582,0.7656495571136475,0.32804715633392334,-0.12386393547058105,0.7721657752990723,0.22223064303398132,-0.1388215273618698,hello
0.6624515056610107,0.9937009811401367,4.532473667495651e-07,0.5517785549163818,0.9802383780479431,-0.03544395789504051,0.4496370851993561,0.9128308296203613,-0.05448710918426514,0.37048789858818054,0.8607463240623474,-0.07329033315181732,0.3044643998146057,0.8205910921096802,-0.09182175248861313,0.4623226523399353,0.6761929392814636,-0.012968041934072971,0.39438045024871826,0.5608639717102051,-0.03629347309470177,0.35147619247436523,0.490126371383667,-0.06011079251766205,0.3158368468284607,0.4280749559402466,-0.07965093851089478,0.5214642286300659,0.6260957717895508,-0.02351009100675583,0.45829877257347107,0.48130640387535095,-0.04257803410291672,0.40942177176475525,0.39735615253448486,-0.0655139610171318,0.3626050353050232,0.33257856965065,-0.08336624503135681,0.5893979072570801,0.6114112734794617,-0.04133206605911255,0.5500093102455139,0.4529881775379181,-0.07003294676542282,0.5148581266403198,0.35935312509536743,-0.09389615803956985,0.47767290472984314,0.282036691904068,-0.11081203818321228,0.6619395613670349,0.6264875531196594,-0.06268177926540375,0.6706768870353699,0.48825064301490784,-0.0933714509010315,0.6699966192245483,0.3925899267196655,-0.11009129881858826,0.6638746857643127,0.3032343089580536,-0.12131967395544052,hello
0.8940848112106323,0.7347614169120789,5.992851015435008e-08,0.7801668047904968,0.8400816321372986,-0.029337657615542412,0.6269267201423645,0.8655295372009277,-0.029881278052926064,0.5124409198760986,0.8554279804229736,-0.03286396339535713,0.42917385697364807,0.837177038192749,-0.032856784760951996,0.5381677746772766,0.63176429271698,0.03664259612560272,0.412255197763443,0.5825577974319458,0.024719497188925743,0.3437718152999878,0.5610888600349426,0.003263242542743683,0.2808114290237427,0.5391026139259338,-0.01753181219100952,0.5566027760505676,0.5403571724891663,0.026322854682803154,0.41552793979644775,0.4864073097705841,0.014336107298731804,0.33154726028442383,0.46309030055999756,-0.01043778844177723,0.25955814123153687,0.4491817355155945,-0.03136168420314789,0.5976991057395935,0.4686208665370941,0.005541339982300997,0.46252456307411194,0.40265268087387085,-0.016601167619228363,0.3823046386241913,0.37839606404304504,-0.03936460241675377,0.3091890811920166,0.3685322403907776,-0.05657241493463516,0.6594287157058716,0.39882028102874756,-0.02027517557144165,0.559776782989502,0.3188069462776184,-0.04596902057528496,0.4867228865623474,0.2881120443344116,-0.06290628761053085,0.41288161277770996,0.2731635570526123,-0.07596138119697571,hello
0.3208392858505249,0.9352534413337708,6.137348123047559e-07,0.4062690734863281,0.9637712240219116,-0.03900633752346039,0.503053605556488,0.9429771900177002,-0.05110657215118408,0.5808588266372681,0.9095413684844971,-0.059948112815618515,0.6451651453971863,0.8864723443984985,-0.06703560054302216,0.521043062210083,0.7589747309684753,-0.0046381293796002865,0.5937298536300659,0.689366340637207,-0.013231247663497925,0.6335774660110474,0.6542789340019226,-0.026585644111037254,0.6670361161231995,0.6233300566673279,-0.038068369030952454,0.4848250448703766,0.7065522074699402,-0.0010871841805055737,0.5519773960113525,0.6178756356239319,-0.005173753947019577,0.5971354842185974,0.5728339552879333,-0.019881468266248703,0.6339446306228638,0.5400293469429016,-0.03258800879120827,0.43995749950408936,0.675576388835907,-0.0040840087458491325,0.49115538597106934,0.5830209851264954,-0.013051440939307213,0.5305537581443787,0.538361132144928,-0.028182225301861763,0.5666876435279846,0.5047223567962646,-0.040383756160736084,0.3856402635574341,0.6628190279006958,-0.011618273332715034,0.410049170255661,0.5728588104248047,-0.024975735694169998,0.42993107438087463,0.5166395902633667,-0.034136079251766205,0.4539702534675598,0.4684242308139801,-0.04063379392027855,hello
0.3111523985862732,0.9278976321220398,6.312737923508394e-07,0.39232370257377625,0.9665737748146057,-0.03253106027841568,0.4909381568431854,0.9604718685150146,-0.04300603270530701,0.5715294480323792,0.9628357291221619,-0.052014511078596115,0.6325466632843018,0.9827625751495361,-0.05977330729365349,0.5320745706558228,0.7768933176994324,-0.0055885398760437965,0.6165595054626465,0.7320486307144165,-0.01901920512318611,0.6662617921829224,0.706956684589386,-0.03613314405083656,0.7082280516624451,0.6844310760498047,-0.04990735650062561,0.5020663738250732,0.7146406769752502,-0.007235987111926079,0.5811882615089417,0.633936882019043,-0.016301602125167847,0.6360937356948853,0.5958184003829956,-0.032550156116485596,0.6803500056266785,0.5685665607452393,-0.04566670209169388,0.4595065712928772,0.6742013692855835,-0.014812172390520573,0.5191267728805542,0.5847402215003967,-0.028344085440039635,0.565330982208252,0.5443949103355408,-0.0441318117082119,0.6067553758621216,0.5161305069923401,-0.055649206042289734,0.40581780672073364,0.6522649526596069,-0.026464832946658134,0.44087207317352295,0.5621052980422974,-0.04308898001909256,0.46745991706848145,0.5063111186027527,-0.052120279520750046,0.4981735944747925,0.46066445112228394,-0.057717494666576385,hello
0.6962062120437622,0.8987213373184204,1.0705172144298558e-06,0.5537998080253601,0.8932329416275024,-0.05828237906098366,0.434435099363327,0.8147858381271362,-0.08054143190383911,0.3456384837627411,0.7295337915420532,-0.10274212062358856,0.2699584364891052,0.628736674785614,-0.11866265535354614,0.42579424381256104,0.5885897278785706,0.05690489709377289,0.350888729095459,0.47737306356430054,0.07449355721473694,0.3061002194881439,0.41045433282852173,0.07913264632225037,0.27299535274505615,0.3606055974960327,0.08234445750713348,0.4876418709754944,0.5391563773155212,0.0732216164469719,0.41727206110954285,0.4238002896308899,0.12513181567192078,0.3768916726112366,0.3587609529495239,0.1563025414943695,0.3403593897819519,0.31283125281333923,0.17865900695323944,0.5534330606460571,0.5154080390930176,0.07323287427425385,0.5002323389053345,0.4041159749031067,0.11843287944793701,0.4684572219848633,0.3372691869735718,0.1528037190437317,0.43814992904663086,0.28643304109573364,0.17263132333755493,0.631033182144165,0.5035631060600281,0.06063065677881241,0.6159372329711914,0.4020155668258667,0.092166468501091,0.6020423769950867,0.33964264392852783,0.11557121574878693,0.5914103984832764,0.2833205759525299,0.13372600078582764,hello
0.891315221786499,0.6799179911613464,6.47943636522541e-08,0.7641595005989075,0.7509099245071411,-0.02626148983836174,0.629749059677124,0.7504708766937256,-0.03031948022544384,0.5264954566955566,0.7349929213523865,-0.03693237528204918,0.44244706630706787,0.7132586240768433,-0.041217364370822906,0.5691705942153931,0.5293311476707458,0.030897995457053185,0.4558471441268921,0.4660654067993164,0.0173030998557806,0.3935038447380066,0.43671122193336487,-0.005220641382038593,0.3354684114456177,0.4072302579879761,-0.025703804567456245,0.5972824096679688,0.4430992305278778,0.019377293065190315,0.4712776243686676,0.3699623644351959,0.00938629824668169,0.3968275487422943,0.33838412165641785,-0.012914460152387619,0.33188486099243164,0.3177698850631714,-0.032558050006628036,0.6440485715866089,0.37976592779159546,-0.0016049420228227973,0.5251309871673584,0.2905219793319702,-0.019392983987927437,0.4551902413368225,0.2572822570800781,-0.035265062004327774,0.3901321291923523,0.23841620981693268,-0.04873167350888252,0.7106214165687561,0.325897216796875,-0.027512548491358757,0.631241500377655,0.2308577597141266,-0.04640721157193184,0.5733762383460999,0.18225836753845215,-0.05510486289858818,0.5128473043441772,0.14569887518882751,-0.062699094414711,hello
0.5790238976478577,0.7824023365974426,4.2108948150598735e-07,0.4726479649543762,0.7855915427207947,-0.02425001934170723,0.3674571216106415,0.7173831462860107,-0.030975716188549995,0.29376140236854553,0.6674887537956238,-0.03932901471853256,0.23295646905899048,0.6388362050056458,-0.04689520224928856,0.38994520902633667,0.4860498011112213,0.007521364372223616,0.3417685627937317,0.3681778907775879,-0.005732774268835783,0.31222105026245117,0.29368454217910767,-0.022074494510889053,0.288918673992157,0.23276931047439575,-0.035683419555425644,0.4413934350013733,0.4385129511356354,-0.002862998517230153,0.38774600625038147,0.296795517206192,-0.01233797986060381,0.3536752760410309,0.20604075491428375,-0.02612575702369213,0.32450786232948303,0.13970628380775452,-0.03714079037308693,0.49988362193107605,0.4179031550884247,-0.020704150199890137,0.4602952003479004,0.2786543369293213,-0.03982263803482056,0.43283456563949585,0.19692040979862213,-0.05702181160449982,0.4047645330429077,0.13189899921417236,-0.0689108744263649,0.5640933513641357,0.418006956577301,-0.04218047112226486,0.5656646490097046,0.28982222080230713,-0.06346790492534637,0.5642619729042053,0.20540301501750946,-0.07652176916599274,0.5587000846862793,0.13063862919807434,-0.08555375784635544,hello
0.3363730311393738,0.8923220038414001,5.75140290948184e-07,0.4184562861919403,0.9489552974700928,-0.03905794024467468,0.5200753211975098,0.9457646012306213,-0.04998050630092621,0.6033651232719421,0.9478857517242432,-0.0592171847820282,0.6658832430839539,0.9687927961349487,-0.06636036932468414,0.5650900602340698,0.7612788677215576,-0.0033956747502088547,0.6527931690216064,0.7199678421020508,-0.012135324068367481,0.7039499282836914,0.6945462822914124,-0.02216695435345173,0.7439879775047302,0.6731046438217163,-0.030490761622786522,0.5351091623306274,0.6967228651046753,-0.0016838564770296216,0.6183648705482483,0.6193252205848694,-0.0033728089183568954,0.6688148975372314,0.5811816453933716,-0.008385577239096165,0.7094867825508118,0.5526466965675354,-0.012895593419671059,0.4943646192550659,0.654778778553009,-0.007940494455397129,0.5566017627716064,0.5679029822349548,-0.017842145636677742,0.6008247137069702,0.5306417346000671,-0.025629116222262383,0.6386037468910217,0.5028606653213501,-0.0307752788066864,0.443157434463501,0.6274516582489014,-0.019717536866664886,0.4787277281284332,0.5398728847503662,-0.03578565642237663,0.5058147311210632,0.4818792939186096,-0.0436055064201355,0.5357324481010437,0.4322664737701416,-0.04761774465441704,hello
0.6645077466964722,0.9803371429443359,3.1968781399882573e-07,0.5543569922447205,0.9562894701957703,-0.032725296914577484,0.45704370737075806,0.8721656799316406,-0.04898276552557945,0.38705894351005554,0.8052688837051392,-0.06534665822982788,0.3304683566093445,0.7552346587181091,-0.08094675093889236,0.4969072639942169,0.6528939008712769,-0.015919703990221024,0.4284611642360687,0.5284106135368347,-0.04000202193856239,0.38732993602752686,0.45084676146507263,-0.06063653156161308,0.35575777292251587,0.38413554430007935,-0.07711141556501389,0.5572757124900818,0.6097232103347778,-0.02544083073735237,0.5006647109985352,0.4556832015514374,-0.0449305884540081,0.46629956364631653,0.36363840103149414,-0.06335964053869247,0.4353034496307373,0.2875165343284607,-0.07718228548765182,0.6244971752166748,0.6031486988067627,-0.04212852939963341,0.598625898361206,0.4421404302120209,-0.0739811584353447,0.5790989398956299,0.34212562441825867,-0.09867002815008163,0.5580863356590271,0.25856250524520874,-0.11471576988697052,0.6944957375526428,0.6260985732078552,-0.0617208331823349,0.7261838912963867,0.49435144662857056,-0.09603311866521835,0.7440894842147827,0.4018997251987457,-0.11601357161998749,0.7553810477256775,0.31447887420654297,-0.12880438566207886,hello
0.415274441242218,0.7641826868057251,5.274226282381278e-07,0.5002899169921875,0.8120169639587402,-0.029360618442296982,0.6002224683761597,0.8039218187332153,-0.03370634838938713,0.6815803647041321,0.79688960313797,-0.037808023393154144,0.7374826669692993,0.8080466985702515,-0.040367115288972855,0.6229991316795349,0.6446473598480225,0.012501324526965618,0.698647677898407,0.6072037816047668,0.00796328205615282,0.7428590655326843,0.5836623311042786,-0.002442564582452178,0.7773243188858032,0.5636380314826965,-0.011239124462008476,0.5937798619270325,0.5853089690208435,0.013793381862342358,0.6642169952392578,0.5175181031227112,0.014016620814800262,0.7077940702438354,0.47885826230049133,0.004005593713372946,0.743864893913269,0.448436975479126,-0.0049655856564641,0.5558750033378601,0.5395452380180359,0.008375228382647038,0.6108828783035278,0.4649072587490082,0.0030379295349121094,0.6480134725570679,0.43143123388290405,-0.007293611764907837,0.6793806552886963,0.40842127799987793,-0.01562729850411415,0.5072606801986694,0.5040612816810608,-0.0014963399153202772,0.5363718867301941,0.4273015856742859,-0.009630545042455196,0.558227002620697,0.3791322708129883,-0.014414082281291485,0.5815696120262146,0.33999162912368774,-0.017963476479053497,hello
0.6158748269081116,0.8563919067382812,8.764157399809847e-08,0.5072686672210693,0.9053837060928345,-0.021925264969468117,0.3879740536212921,0.8852555751800537,-0.020979858934879303,0.29860883951187134,0.8521718978881836,-0.022453805431723595,0.2261778712272644,0.8261351585388184,-0.022263865917921066,0.3637007772922516,0.6840066909790039,0.029631271958351135,0.27057719230651855,0.6267678141593933,0.017967436462640762,0.21066313982009888,0.5984081029891968,-0.0011676326394081116,0.15829966962337494,0.5711049437522888,-0.018306618556380272,0.39053651690483093,0.614675760269165,0.02054768241941929,0.2862657308578491,0.5466567277908325,0.01056636217981577,0.21731683611869812,0.5081395506858826,-0.009147286415100098,0.16003897786140442,0.4787512421607971,-0.025645507499575615,0.4310007095336914,0.5638555288314819,0.003039322793483734,0.3370244801044464,0.4866250455379486,-0.015354800969362259,0.2724921405315399,0.44758206605911255,-0.03257504478096962,0.2140384316444397,0.41908273100852966,-0.045502670109272,0.48617684841156006,0.5199209451675415,-0.018528522923588753,0.4295256733894348,0.42649656534194946,-0.03709165379405022,0.3838109076023102,0.37518930435180664,-0.04776410385966301,0.33636894822120667,0.33526408672332764,-0.056201208382844925,hello
0.717246413230896,0.9034655094146729,-5.627342147818126e-07,0.6365944147109985,0.8858116865158081,-0.030649738386273384,0.5528022050857544,0.7457812428474426,-0.04403536394238472,0.550676703453064,0.6019873023033142,-0.061738718301057816,0.5924698114395142,0.5096918344497681,-0.07456041872501373,0.5438523292541504,0.5896844863891602,0.002099936129525304,0.5012380480766296,0.4862242341041565,-0.020364899188280106,0.4743548333644867,0.41776934266090393,-0.0277387872338295,0.453011155128479,0.35714221000671387,-0.034403715282678604,0.6016814708709717,0.5643143057823181,-0.0009417133405804634,0.5606157779693604,0.5061578750610352,-0.05778577923774719,0.5769971013069153,0.6274136900901794,-0.06149016693234444,0.592335045337677,0.6780749559402466,-0.0443546399474144,0.6543001532554626,0.5638169050216675,-0.009667481295764446,0.6157434582710266,0.5201432108879089,-0.06937683373689651,0.6304079294204712,0.653163492679596,-0.04028104990720749,0.6545096635818481,0.7322790026664734,0.0026489398442208767,0.7080032825469971,0.569492757320404,-0.021994201466441154,0.6845298409461975,0.4559398889541626,-0.05871066823601723,0.6700932383537292,0.3843822479248047,-0.04817412793636322,0.6584009528160095,0.301443487405777,-0.02850097231566906,iloveyou
0.7267248630523682,0.9448715448379517,-1.8806720447628322e-07,0.6562685370445251,0.9189783334732056,-0.03181818500161171,0.5823816061019897,0.7937713861465454,-0.04801633581519127,0.5742509365081787,0.6738731265068054,-0.06783705204725266,0.6021364331245422,0.5772430300712585,-0.08412226289510727,0.574432909488678,0.6739721298217773,-0.0021867684554308653,0.5356849431991577,0.5699589848518372,-0.02225470170378685,0.508507251739502,0.5060884952545166,-0.02351580560207367,0.492202490568161,0.4444451928138733,-0.02301330491900444,0.6234102249145508,0.6562045216560364,-0.004562584217637777,0.5903167724609375,0.5759022831916809,-0.05670487880706787,0.5953801274299622,0.6844813823699951,-0.05621461570262909,0.6087340116500854,0.7387681007385254,-0.03397244215011597,0.6713290810585022,0.6570403575897217,-0.013224269263446331,0.6371159553527832,0.597301721572876,-0.06844718754291534,0.647678792476654,0.7157988548278809,-0.048734813928604126,0.6727436780929565,0.7847039699554443,-0.011312893591821194,0.7179867625236511,0.6619664430618286,-0.025250433012843132,0.6992262005805969,0.5488849878311157,-0.057563189417123795,0.6792352795600891,0.47568416595458984,-0.054710160940885544,0.667453944683075,0.39746320247650146,-0.04107086360454559,iloveyou
0.6122112274169922,0.9437878131866455,-3.80319079340552e-07,0.5516073703765869,0.9185702800750732,-0.07121376693248749,0.5059937238693237,0.8196535110473633,-0.10658649355173111,0.5262925624847412,0.7015632390975952,-0.1314084380865097,0.5618886351585388,0.5957940816879272,-0.14851227402687073,0.43590909242630005,0.6521247029304504,-0.1010880172252655,0.37643396854400635,0.5138080716133118,-0.15362833440303802,0.3406310975551605,0.4310140907764435,-0.17811204493045807,0.3066832721233368,0.34154459834098816,-0.1976744383573532,0.5058107972145081,0.6055915951728821,-0.08501455187797546,0.5136340260505676,0.5873067378997803,-0.1533871591091156,0.5190033316612244,0.7100805640220642,-0.1553867906332016,0.5033526420593262,0.7443848848342896,-0.1484096795320511,0.5777649879455566,0.607142984867096,-0.07654551416635513,0.5925687551498413,0.5902606844902039,-0.15475822985172272,0.5795013308525085,0.705130934715271,-0.13979960978031158,0.5597293972969055,0.7602072954177856,-0.1140606552362442,0.6418564319610596,0.6158745884895325,-0.07278527319431305,0.6703348159790039,0.48941439390182495,-0.15291832387447357,0.6755363941192627,0.3879997134208679,-0.17616616189479828,0.6794946193695068,0.2855285704135895,-0.1794425994157791,iloveyou
0.5806531310081482,0.9771028757095337,-4.93359436859464e-07,0.5041674971580505,0.9572933912277222,-0.03267739340662956,0.4224341809749603,0.8546839356422424,-0.046951208263635635,0.4020571708679199,0.737838625907898,-0.06374426931142807,0.42109236121177673,0.640068531036377,-0.07667113095521927,0.4058377742767334,0.7239164710044861,-0.008321169763803482,0.3444761335849762,0.6264987587928772,-0.030226673930883408,0.3080741763114929,0.575711190700531,-0.032024238258600235,0.28265780210494995,0.5215238332748413,-0.030621983110904694,0.4566463828086853,0.6934278011322021,-0.010925401002168655,0.4146694839000702,0.6230071783065796,-0.06724819540977478,0.44172027707099915,0.727761447429657,-0.07177174836397171,0.46946731209754944,0.7898424863815308,-0.052115704864263535,0.5080394744873047,0.6802887916564941,-0.019151074811816216,0.4633645713329315,0.6475046873092651,-0.0808473527431488,0.4885391592979431,0.7583202123641968,-0.0707024335861206,0.517508327960968,0.8182603716850281,-0.03803694248199463,0.5546523332595825,0.6717750430107117,-0.029565490782260895,0.517112672328949,0.5655370354652405,-0.06259328126907349,0.4899877905845642,0.5059824585914612,-0.05987768992781639,0.46773386001586914,0.4403817057609558,-0.046156201511621475,iloveyou
0.6810680031776428,0.9668363928794861,-2.239753484900575e-07,0.6252455115318298,0.9821271300315857,-0.03664615750312805,0.5572866201400757,0.9108544588088989,-0.059035707265138626,0.5583022832870483,0.8268775343894958,-0.08114840090274811,0.5840398669242859,0.7510858774185181,-0.09931271523237228,0.5345659255981445,0.7861670851707458,-0.047180403023958206,0.49280428886413574,0.7013266086578369,-0.08631040900945663,0.46894392371177673,0.6350833177566528,-0.10950542241334915,0.4440203011035919,0.5749273300170898,-0.12914492189884186,0.5875359773635864,0.7545948624610901,-0.05073690414428711,0.5478984713554382,0.7948306798934937,-0.10689150542020798,0.5685619711875916,0.8688187003135681,-0.1127583459019661,0.5779733657836914,0.8796588182449341,-0.10754634439945221,0.6452246308326721,0.7629958391189575,-0.06045646220445633,0.6152623295783997,0.8380939960479736,-0.1198074147105217,0.638951301574707,0.9246261715888977,-0.09670759737491608,0.6618890166282654,0.9658398628234863,-0.06597235053777695,0.7062970995903015,0.7810543775558472,-0.07424192875623703,0.6679101586341858,0.731594979763031,-0.12559597194194794,0.6556800603866577,0.6815541982650757,-0.12287925183773041,0.6481164693832397,0.6206103563308716,-0.10987232625484467,iloveyou
0.5775686502456665,1.0038824081420898,-4.1709628817443445e-07,0.5040169954299927,1.0068819522857666,-0.04093000665307045,0.4245435297489166,0.9444745182991028,-0.0625082477927208,0.407121479511261,0.8610293865203857,-0.08424875885248184,0.4245755076408386,0.7737602591514587,-0.10071273148059845,0.39949730038642883,0.8042812943458557,-0.035472773015499115,0.3356197774410248,0.720513641834259,-0.06683475524187088,0.3011050224304199,0.6740520000457764,-0.07642486691474915,0.26689428091049194,0.6174147129058838,-0.08349523693323135,0.4524487853050232,0.7705223560333252,-0.03444933146238327,0.40560880303382874,0.7803263068199158,-0.09252896159887314,0.4476190209388733,0.8818386793136597,-0.09420174360275269,0.47353309392929077,0.9154458045959473,-0.07917632162570953,0.50620436668396,0.7668517827987671,-0.03976475074887276,0.46407976746559143,0.8162738680839539,-0.10719911754131317,0.5032569766044617,0.9232363700866699,-0.09299881011247635,0.5397350788116455,0.9717485308647156,-0.06010405346751213,0.5566656589508057,0.7658377289772034,-0.047876130789518356,0.5147765874862671,0.6745044589042664,-0.10083556920289993,0.4856123924255371,0.6127954721450806,-0.10682165622711182,0.4569733738899231,0.5476900339126587,-0.09731267392635345,iloveyou
0.15873366594314575,1.0054975748062134,-9.074189932789523e-08,0.21113094687461853,0.9971613883972168,-0.027635468170046806,0.2728074789047241,0.94499272108078,-0.04517410323023796,0.29352515935897827,0.8778020143508911,-0.06396529823541641,0.279206246137619,0.812776505947113,-0.08150362223386765,0.3209652900695801,0.815792977809906,-0.022876201197504997,0.3747774660587311,0.7382991313934326,-0.04704352840781212,0.4072040915489197,0.6868295669555664,-0.0570945106446743,0.4341431260108948,0.6423577666282654,-0.062434229999780655,0.27221858501434326,0.787266731262207,-0.03143320605158806,0.30632418394088745,0.7339103817939758,-0.08778978884220123,0.2843320965766907,0.8273265957832336,-0.10630152374505997,0.2685578465461731,0.8936752080917358,-0.10191512852907181,0.22030723094940186,0.7734637260437012,-0.04321358725428581,0.24785153567790985,0.7421397566795349,-0.10154906660318375,0.24285884201526642,0.8454857468605042,-0.105952188372612,0.23571357131004333,0.9167923927307129,-0.08984441310167313,0.1663133203983307,0.7708212733268738,-0.05652732029557228,0.17319802939891815,0.6702902317047119,-0.09132112562656403,0.18023258447647095,0.6046611666679382,-0.09822622686624527,0.19320717453956604,0.5369694828987122,-0.09541548788547516,iloveyou
0.8867332339286804,0.9166384935379028,-3.0135899464767135e-07,0.7911589741706848,0.9029957056045532,-0.056748319417238235,0.7066802978515625,0.7890716791152954,-0.08421619981527328,0.691236674785614,0.6417421102523804,-0.10700149089097977,0.7095553278923035,0.5248652696609497,-0.12496966123580933,0.653721034526825,0.6800669431686401,-0.0384281724691391,0.5828733444213867,0.5468603372573853,-0.0628390684723854,0.5457815527915955,0.4595169425010681,-0.06636488437652588,0.5208279490470886,0.39907780289649963,-0.06623394787311554,0.703956127166748,0.6370635628700256,-0.021217171102762222,0.6465896964073181,0.5335134267807007,-0.04642464965581894,0.6621272563934326,0.6192342042922974,-0.02416428178548813,0.6606393456459045,0.6460723280906677,0.0048301643691957,0.7579982876777649,0.6127385497093201,-0.013514954596757889,0.7194889187812805,0.5377339720726013,-0.046829886734485626,0.7523102760314941,0.6557359099388123,-0.01870419830083847,0.7811866998672485,0.7318094968795776,0.016210021451115608,0.8145226836204529,0.5943470597267151,-0.012671254575252533,0.7718474268913269,0.47206559777259827,-0.04508383944630623,0.7415245771408081,0.3927263617515564,-0.05115720257163048,0.7190884947776794,0.3127550184726715,-0.04684273153543472,iloveyou
0.041308894753456116,0.8632618188858032,9.50915506336969e-08,0.09148143231868744,0.905528724193573,-0.06878738850355148,0.16838330030441284,0.8776947259902954,-0.09939274191856384,0.20716683566570282,0.7787841558456421,-0.12250933796167374,0.21675415337085724,0.6861936450004578,-0.14085398614406586,0.28988584876060486,0.8158414363861084,-0.052516717463731766,0.37726226449012756,0.7391719222068787,-0.08835077285766602,0.43637531995773315,0.6793524622917175,-0.10424169152975082,0.48175525665283203,0.6298372745513916,-0.11207497864961624,0.25810232758522034,0.7448157072067261,-0.03790205717086792,0.310573011636734,0.6783117055892944,-0.10136745125055313,0.2519964277744293,0.7386571764945984,-0.11895454674959183,0.21872210502624512,0.7875340580940247,-0.11033610999584198,0.21863317489624023,0.6875321865081787,-0.029969070106744766,0.2571561932563782,0.6223607063293457,-0.09422899037599564,0.20833665132522583,0.6862148642539978,-0.09408688545227051,0.17874695360660553,0.7386829257011414,-0.07109975814819336,0.1739722490310669,0.6363310813903809,-0.026913104578852654,0.235166534781456,0.5502403974533081,-0.06474854797124863,0.2691163718700409,0.49811679124832153,-0.06804210692644119,0.30830585956573486,0.4532826542854309,-0.05902252718806267,iloveyou
0.045667290687561035,0.8930923342704773,9.074717155499457e-08,0.09357814490795135,0.9317734837532043,-0.0662035197019577,0.16861805319786072,0.9041150808334351,-0.09544571489095688,0.20973917841911316,0.8086129426956177,-0.11741925030946732,0.21973253786563873,0.7126163244247437,-0.13458608090877533,0.28923818469047546,0.836909294128418,-0.04724925756454468,0.3728688359260559,0.7660733461380005,-0.079279825091362,0.42968547344207764,0.7094324827194214,-0.09365145117044449,0.473024845123291,0.6624271869659424,-0.10064608603715897,0.25874945521354675,0.76585453748703,-0.03344042971730232,0.3124575912952423,0.6987950801849365,-0.09288080036640167,0.2535226345062256,0.7561713457107544,-0.1110243871808052,0.21601063013076782,0.8049343228340149,-0.10311132669448853,0.2206030786037445,0.7090463638305664,-0.025763049721717834,0.2636246681213379,0.6461285948753357,-0.08585575222969055,0.21514536440372467,0.7072785496711731,-0.08698022365570068,0.1825370192527771,0.7586569786071777,-0.06577552109956741,0.17747598886489868,0.6599646210670471,-0.022637806832790375,0.23752661049365997,0.5791267156600952,-0.05624126270413399,0.269537091255188,0.5287362337112427,-0.05831579491496086,0.3053942322731018,0.4860076308250427,-0.049097925424575806,iloveyou
0.10809560120105743,0.9326604604721069,1.8795759615386487e-07,0.14786159992218018,0.9526159763336182,-0.06463585793972015,0.19745825231075287,0.9205695986747742,-0.09584475308656693,0.20878271758556366,0.8295156359672546,-0.11936920136213303,0.20863234996795654,0.7472258806228638,-0.13811692595481873,0.31138861179351807,0.8460419774055481,-0.05241287127137184,0.3834727108478546,0.7809117436408997,-0.08376695215702057,0.43186917901039124,0.7269165515899658,-0.09842494875192642,0.46692678332328796,0.6810007691383362,-0.1055164784193039,0.27522337436676025,0.783704400062561,-0.037308722734451294,0.30398672819137573,0.7286903858184814,-0.09076254069805145,0.25823837518692017,0.7833642363548279,-0.10688509792089462,0.2357436865568161,0.8255221247673035,-0.10093090683221817,0.23563532531261444,0.7382887601852417,-0.02800147421658039,0.2524038553237915,0.6829191446304321,-0.07966529577970505,0.21999680995941162,0.7313346862792969,-0.08099307119846344,0.2040892243385315,0.766593873500824,-0.06404424458742142,0.1949940323829651,0.7041981816291809,-0.02319030836224556,0.23460286855697632,0.6253705024719238,-0.05036412179470062,0.25310978293418884,0.583165168762207,-0.04831136018037796,0.2756084203720093,0.5444170236587524,-0.03725596144795418,iloveyou
0.625568151473999,1.0070536136627197,-7.871295224504138e-07,0.5244950652122498,1.0207326412200928,-0.08522173762321472,0.4154261648654938,0.9437092542648315,-0.1349990963935852,0.3955956697463989,0.8145647644996643,-0.17733794450759888,0.4300435483455658,0.6930774450302124,-0.20741184055805206,0.3397936522960663,0.7427332997322083,-0.10494830459356308,0.23151476681232452,0.5839691162109375,-0.16871626675128937,0.17765304446220398,0.5060339570045471,-0.1939639449119568,0.12570759654045105,0.410200834274292,-0.21035848557949066,0.41754212975502014,0.6727971434593201,-0.0931539535522461,0.3847508430480957,0.6987390518188477,-0.17959293723106384,0.45045292377471924,0.8437042236328125,-0.18645930290222168,0.4817966818809509,0.8805402517318726,-0.17457576096057892,0.5076759457588196,0.6593723893165588,-0.09052078425884247,0.49721843004226685,0.729182243347168,-0.185111865401268,0.5433496832847595,0.8665918707847595,-0.16295038163661957,0.5681575536727905,0.9215306043624878,-0.12086069583892822,0.5976693034172058,0.6504977941513062,-0.09423146396875381,0.5612516403198242,0.5233506560325623,-0.16533783078193665,0.54828941822052,0.4113582968711853,-0.16658294200897217,0.5302532911300659,0.2948708236217499,-0.14947578310966492,iloveyou
0.09939107298851013,0.9558714628219604,2.519477675377857e-07,0.13943810760974884,0.9855793118476868,-0.04956696555018425,0.20268258452415466,0.9621624946594238,-0.08225910365581512,0.23660531640052795,0.878096342086792,-0.10929688811302185,0.23893840610980988,0.7909884452819824,-0.1331588625907898,0.30070632696151733,0.9255892634391785,-0.0639835074543953,0.3845127820968628,0.8726122975349426,-0.10240679234266281,0.4417516589164734,0.8308597207069397,-0.12261541932821274,0.48501622676849365,0.7908151149749756,-0.13536685705184937,0.27476876974105835,0.8531213998794556,-0.05597585067152977,0.31470754742622375,0.7915586233139038,-0.1016281321644783,0.2652181386947632,0.8509113192558289,-0.10643361508846283,0.2528182864189148,0.8915111422538757,-0.09975437819957733,0.24167375266551971,0.7921186685562134,-0.05248047411441803,0.2789249122142792,0.7301048040390015,-0.09560616314411163,0.2404266744852066,0.7932791709899902,-0.08217635750770569,0.2174852043390274,0.8414782285690308,-0.06187691166996956,0.2038411945104599,0.7371686100959778,-0.05330388620495796,0.257951021194458,0.653497040271759,-0.08331851661205292,0.28996604681015015,0.604681134223938,-0.08247850090265274,0.32729774713516235,0.5609115362167358,-0.07576041668653488,iloveyou
0.571358323097229,0.9027144908905029,-5.383819825510727e-07,0.48432600498199463,0.9002802968025208,-0.06302832067012787,0.40753090381622314,0.8427725434303284,-0.09753111749887466,0.39472827315330505,0.748047411441803,-0.12942472100257874,0.41068655252456665,0.6410987377166748,-0.1528453379869461,0.3431275486946106,0.6977657079696655,-0.05633154511451721,0.2595835328102112,0.5975773334503174,-0.1008087545633316,0.21416129171848297,0.5463566780090332,-0.11372540146112442,0.17410002648830414,0.4702613949775696,-0.11882899701595306,0.39774852991104126,0.644381046295166,-0.04885781928896904,0.3747240900993347,0.6444575190544128,-0.11858004331588745,0.42604854702949524,0.7447468042373657,-0.12705588340759277,0.45247572660446167,0.7707698941230774,-0.11455868184566498,0.462311714887619,0.6206876635551453,-0.04971406236290932,0.45106974244117737,0.6341478228569031,-0.13110359013080597,0.49413836002349854,0.7509970664978027,-0.12403746694326401,0.5160943269729614,0.7987188100814819,-0.09171902388334274,0.5260977149009705,0.5977088809013367,-0.054314836859703064,0.494284451007843,0.49236613512039185,-0.10705634951591492,0.47105515003204346,0.4234151244163513,-0.11017128825187683,0.4442139267921448,0.3490944802761078,-0.09637054055929184,iloveyou
0.1121615394949913,1.0117982625961304,4.331296987736266e-10,0.16003315150737762,1.0237245559692383,-0.043327223509550095,0.20514604449272156,0.9808201789855957,-0.06762564182281494,0.18905697762966156,0.9125410318374634,-0.08806115388870239,0.15381667017936707,0.8553715348243713,-0.106658436357975,0.2683683931827545,0.8840571641921997,-0.06066037341952324,0.3276522755622864,0.7886272668838501,-0.09951362013816833,0.3577563166618347,0.725153386592865,-0.11802279949188232,0.3851437270641327,0.6636477708816528,-0.1291925311088562,0.21797218918800354,0.8417782783508301,-0.056017111986875534,0.23230017721652985,0.7909901142120361,-0.11672446876764297,0.20431675016880035,0.8686779737472534,-0.13201211392879486,0.1941920816898346,0.9172025918960571,-0.1294039785861969,0.16240398585796356,0.8159782886505127,-0.05499463528394699,0.16505667567253113,0.7710291147232056,-0.11219245195388794,0.14960628747940063,0.8566939830780029,-0.10908178240060806,0.147894486784935,0.9128512740135193,-0.09072848409414291,0.10724513977766037,0.7955729365348816,-0.056638557463884354,0.12126976251602173,0.7034262418746948,-0.0964723452925682,0.13114824891090393,0.6488127708435059,-0.10356117784976959,0.15202094614505768,0.5870352983474731,-0.09991828352212906,iloveyou
0.686285674571991,0.9481173753738403,-2.8709823141070956e-07,0.5998516082763672,0.9641382694244385,-0.05441228300333023,0.5041790008544922,0.8391955494880676,-0.07472877949476242,0.4956858158111572,0.6975534558296204,-0.08959034085273743,0.5211412310600281,0.5734506845474243,-0.09961631894111633,0.46953803300857544,0.7110323905944824,-0.04371476173400879,0.4225057363510132,0.602354884147644,-0.07662300765514374,0.39066046476364136,0.5365479588508606,-0.09294229000806808,0.3618321418762207,0.46455633640289307,-0.1062283143401146,0.5305130481719971,0.6698461174964905,-0.03562047705054283,0.5024487376213074,0.5964874029159546,-0.09965788573026657,0.5193473100662231,0.7086542844772339,-0.10902536660432816,0.5337011814117432,0.7695306539535522,-0.09678099304437637,0.5917055606842041,0.6618370413780212,-0.03399120643734932,0.573603630065918,0.6150673627853394,-0.09886991232633591,0.5886858701705933,0.7494271993637085,-0.08016563951969147,0.6103115081787109,0.8266676068305969,-0.04486796632409096,0.652734100818634,0.6640399694442749,-0.037081215530633926,0.6258347034454346,0.5440800189971924,-0.08397019654512405,0.6029200553894043,0.46369999647140503,-0.08588086068630219,0.5892078280448914,0.37315884232521057,-0.07521641254425049,iloveyou
0.18313658237457275,0.8911364674568176,2.301383830172199e-07,0.2377101331949234,0.8860606551170349,-0.037390369921922684,0.27890917658805847,0.8375206589698792,-0.05462880805134773,0.3035968840122223,0.7804964780807495,-0.07168342918157578,0.3454594314098358,0.7541194558143616,-0.08716610819101334,0.30906420946121216,0.7427603006362915,-0.00634082593023777,0.3320811092853546,0.6996842622756958,-0.04458704963326454,0.33280321955680847,0.6632340550422668,-0.07204165309667587,0.3216584324836731,0.6438417434692383,-0.08558425307273865,0.2708258330821991,0.7047640681266785,-0.006968677509576082,0.3042393922805786,0.6211457848548889,-0.05777038261294365,0.3001113533973694,0.6017497777938843,-0.08373981714248657,0.2832949757575989,0.6078705787658691,-0.08644557744264603,0.22365781664848328,0.6901340484619141,-0.01455672737210989,0.22871094942092896,0.6417564153671265,-0.07932019978761673,0.2157769352197647,0.7296062707901001,-0.08838994055986404,0.21178296208381653,0.8020979762077332,-0.07171307504177094,0.16981834173202515,0.6932748556137085,-0.023892344906926155,0.17383162677288055,0.6630026698112488,-0.07416874170303345,0.1738540232181549,0.7296551465988159,-0.07601635903120041,0.1806405782699585,0.7886788845062256,-0.06213454157114029,no
0.7406145334243774,0.9116171598434448,-1.6592962026606983e-07,0.6838220953941345,0.9044471979141235,-0.03440575674176216,0.6127077341079712,0.8553164005279541,-0.06096092239022255,0.5635064840316772,0.8306499123573303,-0.08921139687299728,0.523073136806488,0.8512545824050903,-0.11347058415412903,0.5894900560379028,0.7319803833961487,-0.043527841567993164,0.5651683211326599,0.6354029178619385,-0.10955742746591568,0.548316478729248,0.647682249546051,-0.14701718091964722,0.5439119935035706,0.7001901865005493,-0.16089102625846863,0.637448787689209,0.6834865212440491,-0.052731502801179886,0.5971733927726746,0.5821861624717712,-0.12826865911483765,0.575114905834198,0.6211806535720825,-0.15696881711483002,0.572250485420227,0.6971538066864014,-0.15482038259506226,0.6922453045845032,0.660202145576477,-0.06787639856338501,0.6803872585296631,0.6962661743164062,-0.13023079931735992,0.6943200826644897,0.8073008060455322,-0.12881030142307281,0.7093550562858582,0.8826322555541992,-0.10677961260080338,0.7509765028953552,0.6603695750236511,-0.0875019058585167,0.7442612051963806,0.7375260591506958,-0.12063360959291458,0.7450323700904846,0.8155138492584229,-0.11574359983205795,0.7499275207519531,0.8541634678840637,-0.10015884786844254,no
0.7678556442260742,0.8194476366043091,2.7705723937287985e-07,0.7147966623306274,0.8102418780326843,-0.04562419652938843,0.6665595173835754,0.7988821864128113,-0.08998316526412964,0.6626294255256653,0.8058925271034241,-0.13487188518047333,0.6722784042358398,0.8291147351264954,-0.17655956745147705,0.6242214441299438,0.6283904910087585,-0.06653684377670288,0.6023438572883606,0.5425097942352295,-0.1447686403989792,0.6323973536491394,0.5418002605438232,-0.19643843173980713,0.6607330441474915,0.574657678604126,-0.2218703180551529,0.6978185772895813,0.5838170051574707,-0.0809292197227478,0.6984204649925232,0.47122567892074585,-0.16962966322898865,0.722498893737793,0.5404759049415588,-0.20487812161445618,0.7326763272285461,0.6269168853759766,-0.2062014490365982,0.7678390741348267,0.5887953042984009,-0.10151753574609756,0.7812309861183167,0.6412155628204346,-0.17326492071151733,0.7845260500907898,0.7565589547157288,-0.17353440821170807,0.7735737562179565,0.8283341526985168,-0.15221001207828522,0.8331874012947083,0.624762773513794,-0.12676943838596344,0.8456625938415527,0.689912736415863,-0.15931855142116547,0.8346884846687317,0.7686676383018494,-0.14472828805446625,0.8132227659225464,0.8151242733001709,-0.12331560254096985,no
0.7702900767326355,0.892228364944458,-7.591581407950798e-08,0.7147322297096252,0.8903976082801819,-0.0397808812558651,0.6522812843322754,0.8510386347770691,-0.07055404037237167,0.6190420389175415,0.8385175466537476,-0.10337412357330322,0.6013615727424622,0.8793601393699646,-0.13136526942253113,0.6099346876144409,0.7149177193641663,-0.053650639951229095,0.5876634120941162,0.6255632638931274,-0.13161635398864746,0.5793957710266113,0.6342764496803284,-0.17659485340118408,0.5873727798461914,0.687901496887207,-0.19564296305179596,0.6665636301040649,0.6548580527305603,-0.06585761159658432,0.6420021653175354,0.5562517046928406,-0.16195741295814514,0.6380502581596375,0.6141234040260315,-0.19687320291996002,0.6509780287742615,0.7113599181175232,-0.194581538438797,0.7272617816925049,0.6344267725944519,-0.08478902280330658,0.7415930032730103,0.6802680492401123,-0.16155405342578888,0.7493752837181091,0.7988936901092529,-0.1594132035970688,0.748174250125885,0.8789121508598328,-0.13368821144104004,0.79124915599823,0.639335036277771,-0.10886149853467941,0.8146623969078064,0.7272653579711914,-0.1517406553030014,0.8052417635917664,0.8130924105644226,-0.14980028569698334,0.788040280342102,0.8632186651229858,-0.134512796998024,no
0.7463492155075073,0.849298357963562,3.6956881999117286e-10,0.6764789819717407,0.8414619565010071,-0.02568206936120987,0.594991147518158,0.7563431859016418,-0.036512695252895355,0.5423358082771301,0.6873204708099365,-0.050287798047065735,0.49127787351608276,0.655987560749054,-0.061962246894836426,0.5923827886581421,0.6319794058799744,-0.00321225356310606,0.5499998331069946,0.5647377371788025,-0.04593034088611603,0.5159695148468018,0.5257099270820618,-0.07963787019252777,0.4788546562194824,0.5108093023300171,-0.09999018162488937,0.6417240500450134,0.5979070663452148,-0.016374699771404266,0.5992982387542725,0.49342337250709534,-0.0781671404838562,0.558167576789856,0.48193782567977905,-0.11649001389741898,0.5175448656082153,0.5041818618774414,-0.12730146944522858,0.6978301405906677,0.5893455743789673,-0.034164562821388245,0.6462836265563965,0.5716213583946228,-0.09953776001930237,0.6558964252471924,0.6871028542518616,-0.10177280753850937,0.6676743030548096,0.7729399800300598,-0.0808122456073761,0.7546756863594055,0.6007972955703735,-0.05450255796313286,0.7082997560501099,0.6161987781524658,-0.0997665673494339,0.7026710510253906,0.7030483484268188,-0.09430363774299622,0.7056403756141663,0.7631831169128418,-0.07602480798959732,no
0.8901929259300232,0.6347590088844299,-5.021642550673278e-07,0.8581290245056152,0.6934009790420532,-0.06506647914648056,0.8200846910476685,0.7374228835105896,-0.12229149043560028,0.8357967734336853,0.7902715802192688,-0.17519591748714447,0.8496080040931702,0.8525896072387695,-0.2257249504327774,0.7211194634437561,0.5887428522109985,-0.10629744082689285,0.6895039677619934,0.544677734375,-0.18267422914505005,0.7554991245269775,0.604484498500824,-0.22755977511405945,0.8083600401878357,0.6570621132850647,-0.24887625873088837,0.779123067855835,0.5119321942329407,-0.11044853925704956,0.756320059299469,0.4491932988166809,-0.1942952573299408,0.8279918432235718,0.5478784441947937,-0.21369394659996033,0.8696548938751221,0.627369225025177,-0.2099643349647522,0.8411197662353516,0.47700226306915283,-0.12227977812290192,0.8688610792160034,0.4747658669948578,-0.19003185629844666,0.9193885922431946,0.5669212937355042,-0.1870030015707016,0.9319539070129395,0.6319290995597839,-0.17055095732212067,0.8955278992652893,0.4688069522380829,-0.1393413096666336,0.9323286414146423,0.4815332591533661,-0.173239067196846,0.962645947933197,0.5516114234924316,-0.1620684415102005,0.9626375436782837,0.6072593331336975,-0.14797669649124146,no
0.6765063405036926,0.7259773015975952,1.1508266339887996e-07,0.6163750886917114,0.7729949951171875,-0.1066891998052597,0.5669172406196594,0.812789797782898,-0.19263312220573425,0.5893430113792419,0.861059844493866,-0.2645367681980133,0.6194236278533936,0.9172443747520447,-0.3317844867706299,0.5289098620414734,0.6087297201156616,-0.18841202557086945,0.5067310929298401,0.5644830465316772,-0.3173293471336365,0.5476939678192139,0.6205813884735107,-0.39566895365715027,0.5905740261077881,0.711158037185669,-0.4324917197227478,0.6097173094749451,0.545817494392395,-0.18016661703586578,0.608392059803009,0.49757319688796997,-0.31708139181137085,0.645117461681366,0.6018574833869934,-0.36045074462890625,0.6724786758422852,0.7064993977546692,-0.36517786979675293,0.6890041828155518,0.5347457528114319,-0.18145865201950073,0.7228918075561523,0.615011990070343,-0.28940725326538086,0.7325136661529541,0.7486522197723389,-0.29069584608078003,0.7210153937339783,0.8336479663848877,-0.26891061663627625,0.7597070932388306,0.5567278861999512,-0.19169393181800842,0.7931353449821472,0.6539202928543091,-0.2567361295223236,0.7840796709060669,0.7501839995384216,-0.25611168146133423,0.7558939456939697,0.8007340431213379,-0.24306648969650269,no
0.8189325332641602,0.7726765871047974,-1.507570033254524e-07,0.7482297420501709,0.8008551001548767,-0.010724237188696861,0.6546186208724976,0.7684518098831177,-0.03169983625411987,0.5800538659095764,0.7552877068519592,-0.060286641120910645,0.5093016624450684,0.7564139366149902,-0.08873625844717026,0.6582772731781006,0.574937641620636,-0.017088202759623528,0.5548068881034851,0.5380703806877136,-0.07190787047147751,0.488739013671875,0.55463707447052,-0.10561763495206833,0.44139614701271057,0.5894246697425842,-0.12293341010808945,0.6989889740943909,0.527573823928833,-0.046777427196502686,0.578841507434845,0.4812825918197632,-0.11636073142290115,0.5074588060379028,0.5279383063316345,-0.14878277480602264,0.46211111545562744,0.5852899551391602,-0.15439645946025848,0.7467457056045532,0.522152304649353,-0.08040042966604233,0.6356987357139587,0.6440267562866211,-0.15010222792625427,0.689780592918396,0.7557960748672485,-0.14776434004306793,0.7478089928627014,0.8013705015182495,-0.12362401187419891,0.7926648855209351,0.5513963103294373,-0.11522293835878372,0.6931023597717285,0.6832389235496521,-0.16843540966510773,0.7297350168228149,0.7605026960372925,-0.16305258870124817,0.7780085802078247,0.7842998504638672,-0.14341384172439575,no
0.2771236002445221,0.8218930959701538,5.803023128692075e-08,0.3423352837562561,0.8156260848045349,-0.03254218399524689,0.3867827355861664,0.7681496143341064,-0.051510076969861984,0.4198029935359955,0.7125356197357178,-0.07232782244682312,0.4665639400482178,0.6839198470115662,-0.09034867584705353,0.42192837595939636,0.6592134833335876,-0.010602069087326527,0.4502629339694977,0.5939562320709229,-0.056787148118019104,0.44772958755493164,0.5742033123970032,-0.08847106993198395,0.43214863538742065,0.5732426047325134,-0.10276888310909271,0.38019275665283203,0.6211495399475098,-0.014798634685575962,0.4127218723297119,0.5363955497741699,-0.06578759849071503,0.413344144821167,0.5287689566612244,-0.0896795243024826,0.405426025390625,0.5417758822441101,-0.09391605108976364,0.33128872513771057,0.6077331900596619,-0.026372764259576797,0.33436089754104614,0.5696428418159485,-0.08613365888595581,0.3262649476528168,0.6559467911720276,-0.09223601967096329,0.3259419798851013,0.7280945777893066,-0.07793184369802475,0.2760993242263794,0.6108716130256653,-0.04025651887059212,0.28321173787117004,0.5858969688415527,-0.08353588730096817,0.28417477011680603,0.6538137793540955,-0.08285795152187347,0.29120245575904846,0.7142758369445801,-0.07023816555738449,no
0.7513227462768555,0.8897684812545776,-5.278137749087364e-08,0.6913018822669983,0.8868767023086548,-0.0245294701308012,0.6094942092895508,0.8052646517753601,-0.0338464081287384,0.5559048056602478,0.7447056174278259,-0.045451819896698,0.5059613585472107,0.7240645885467529,-0.054723791778087616,0.6010909080505371,0.6940636038780212,-0.003264873055741191,0.5630723237991333,0.6281101107597351,-0.05037327855825424,0.529585063457489,0.5994659066200256,-0.086967833340168,0.496869832277298,0.6011807918548584,-0.10728554427623749,0.644779622554779,0.6564788222312927,-0.015259445644915104,0.6026713848114014,0.5624110102653503,-0.08016714453697205,0.5618815422058105,0.5652312636375427,-0.11866311728954315,0.527148962020874,0.5992719531059265,-0.12761393189430237,0.6966533064842224,0.642259418964386,-0.03215305507183075,0.6471396684646606,0.6411704421043396,-0.0939197987318039,0.6628767251968384,0.7494184970855713,-0.09389318525791168,0.6807431578636169,0.8247907161712646,-0.07182351499795914,0.7502710819244385,0.6469225287437439,-0.052082501351833344,0.7060559988021851,0.683957040309906,-0.09331166744232178,0.7106570601463318,0.7651008367538452,-0.08701057732105255,0.7236921191215515,0.8114824295043945,-0.06814055889844894,no
0.7563348412513733,0.7531899213790894,2.0449608939543396e-07,0.6783148646354675,0.7874940633773804,-0.03296412527561188,0.564447820186615,0.7730265855789185,-0.053615257143974304,0.48166486620903015,0.7712796926498413,-0.07667125761508942,0.4292973279953003,0.809818685054779,-0.0980987399816513,0.5040236115455627,0.6476306319236755,-0.03163609281182289,0.42100316286087036,0.6154520511627197,-0.0941058099269867,0.3663870096206665,0.6304157376289368,-0.13786862790584564,0.3286131024360657,0.6569547057151794,-0.1622316688299179,0.5340284109115601,0.561993420124054,-0.04881381243467331,0.43465134501457214,0.4898891746997833,-0.13813257217407227,0.3945445716381073,0.5455983877182007,-0.18632875382900238,0.3895023465156555,0.6177157759666443,-0.19572561979293823,0.5838497877120972,0.5050167441368103,-0.0695836991071701,0.5516899824142456,0.5826043486595154,-0.1479160636663437,0.6118167638778687,0.6934859156608582,-0.1511819064617157,0.6639663577079773,0.756362795829773,-0.12612693011760712,0.6423389315605164,0.4764876365661621,-0.0939454659819603,0.646079421043396,0.591397225856781,-0.1410766839981079,0.6879739761352539,0.6743170022964478,-0.13491499423980713,0.7193050384521484,0.7076746225357056,-0.11388497799634933,no
0.7768744826316833,0.864051103591919,1.5088346572156297e-07,0.7172790169715881,0.8847932815551758,-0.036612387746572495,0.6262058019638062,0.8353248834609985,-0.059563033282756805,0.556113600730896,0.8018736839294434,-0.08520672470331192,0.4970511794090271,0.8153867125511169,-0.1077997013926506,0.5852482318878174,0.6994138956069946,-0.023369574919342995,0.5334859490394592,0.6250228881835938,-0.09235801547765732,0.5052134394645691,0.5963828563690186,-0.14020897448062897,0.49700409173965454,0.6128798127174377,-0.1634061634540558,0.6324563026428223,0.6326867938041687,-0.03694308176636696,0.5750551819801331,0.5230664610862732,-0.126682847738266,0.5425934791564941,0.5490676164627075,-0.17430391907691956,0.5352312922477722,0.6240643858909607,-0.18163073062896729,0.6903639435768127,0.6004328727722168,-0.05679821968078613,0.6675452589988708,0.6233858466148376,-0.13016720116138458,0.6912280321121216,0.7389920353889465,-0.13088952004909515,0.7137541770935059,0.8170777559280396,-0.1059514507651329,0.7548869848251343,0.5931151509284973,-0.08144494146108627,0.7455976605415344,0.6728995442390442,-0.12305331230163574,0.7547805309295654,0.7645623683929443,-0.11737004667520523,0.7627832293510437,0.8118492364883423,-0.09787122905254364,no
0.7322560548782349,0.879288911819458,-4.038773582237809e-08,0.6819808483123779,0.8870506286621094,-0.017591476440429688,0.5903729200363159,0.8113643527030945,-0.02805829420685768,0.5227757692337036,0.770550549030304,-0.04287394881248474,0.46285480260849,0.7633298635482788,-0.056759148836135864,0.6063899397850037,0.6671931743621826,-0.0012681769439950585,0.5401701927185059,0.6151212453842163,-0.0477869026362896,0.4861789047718048,0.6144875884056091,-0.07944536954164505,0.4424916207790375,0.6369734406471252,-0.09717661887407303,0.6520151495933533,0.6239550113677979,-0.021773742511868477,0.5727627873420715,0.5474998950958252,-0.08904681354761124,0.5124503374099731,0.5825495719909668,-0.1250656247138977,0.47213488817214966,0.6335082054138184,-0.13168653845787048,0.701229453086853,0.6151731014251709,-0.04698420688509941,0.6084485650062561,0.6560942530632019,-0.11228800565004349,0.6311950087547302,0.7754582166671753,-0.1114148423075676,0.6640443205833435,0.8409518599510193,-0.08798845112323761,0.7476309537887573,0.6363398432731628,-0.07399221509695053,0.6713520288467407,0.7203651070594788,-0.12172409147024155,0.6935166120529175,0.7953011989593506,-0.1181747317314148,0.7276715636253357,0.8190271854400635,-0.10054774582386017,no
0.2559221386909485,0.9917570948600769,8.356486773664074e-07,0.317292720079422,0.9806169271469116,-0.027362387627363205,0.39119213819503784,0.9026739597320557,-0.040583815425634384,0.44318971037864685,0.8407325744628906,-0.054899923503398895,0.5002114772796631,0.8039522171020508,-0.06937588006258011,0.35928305983543396,0.7931463122367859,-0.013433031737804413,0.4078274071216583,0.7451845407485962,-0.047272030264139175,0.4512792229652405,0.716487467288971,-0.06781160086393356,0.49091044068336487,0.7023537755012512,-0.07679335027933121,0.31702178716659546,0.7717776298522949,-0.01842440851032734,0.3709145486354828,0.6890119314193726,-0.06308145821094513,0.4205358326435089,0.6848251819610596,-0.0825248658657074,0.46105530858039856,0.6951708197593689,-0.08410357683897018,0.2665752172470093,0.7681452035903931,-0.02826034463942051,0.32410332560539246,0.7390795350074768,-0.09412650763988495,0.32488471269607544,0.8414985537528992,-0.10057281702756882,0.3193912208080292,0.9203535318374634,-0.08274854719638824,0.21359381079673767,0.7811750769615173,-0.03817735239863396,0.26801666617393494,0.7651491761207581,-0.09126054495573044,0.28017497062683105,0.8485817313194275,-0.0914866179227829,0.279314786195755,0.9148309230804443,-0.07618524879217148,no
0.1899682730436325,0.9703697562217712,4.124206611777481e-07,0.24720659852027893,0.9719270467758179,-0.05257990211248398,0.2950775921344757,0.9191476106643677,-0.0829167440533638,0.32038527727127075,0.86519455909729,-0.1113828718662262,0.3724788427352905,0.8478448390960693,-0.13689807057380676,0.32748860120773315,0.7754137516021729,-0.029894037172198296,0.33983540534973145,0.734916627407074,-0.08709149062633514,0.3415141701698303,0.7028220891952515,-0.12544167041778564,0.33715125918388367,0.6922343969345093,-0.14420296251773834,0.27621275186538696,0.7299947142601013,-0.0300796739757061,0.3064398467540741,0.642227292060852,-0.09691731631755829,0.3043034076690674,0.631273090839386,-0.12632499635219574,0.2985647916793823,0.6446066498756409,-0.12794595956802368,0.21508046984672546,0.713954746723175,-0.03901726007461548,0.2154984474182129,0.7059130668640137,-0.11841706931591034,0.20880645513534546,0.8128523230552673,-0.12610340118408203,0.21680578589439392,0.8901119828224182,-0.10485488921403885,0.15086761116981506,0.7244912981987,-0.05138181149959564,0.14773477613925934,0.7396504878997803,-0.11005444079637527,0.15609382092952728,0.8268375396728516,-0.11142230033874512,0.17628303170204163,0.8873378038406372,-0.09464957565069199,no
0.707294225692749,0.8864107131958008,4.899342229691683e-07,0.5993912816047668,0.8884644508361816,-0.031218552961945534,0.49479830265045166,0.8233587741851807,-0.045585110783576965,0.41917839646339417,0.7678941488265991,-0.05960022658109665,0.3543130159378052,0.7242177724838257,-0.0732814148068428,0.4880903661251068,0.6228408217430115,-0.013960030861198902,0.40902313590049744,0.5148488283157349,-0.03710373491048813,0.3559797704219818,0.45760679244995117,-0.05998822674155235,0.3087286651134491,0.40704676508903503,-0.07876147329807281,0.5285331010818481,0.5677695274353027,-0.023523688316345215,0.44484955072402954,0.45060813426971436,-0.04408431425690651,0.3862142860889435,0.3806419372558594,-0.06763549894094467,0.3339810371398926,0.3253795802593231,-0.08586274087429047,0.5815459489822388,0.5388017892837524,-0.03871295973658562,0.5103743672370911,0.41292184591293335,-0.06319551169872284,0.46014055609703064,0.33876606822013855,-0.08030029386281967,0.4129093289375305,0.27927932143211365,-0.09299399703741074,0.6432324051856995,0.5319474935531616,-0.05759544298052788,0.6028236746788025,0.4187333583831787,-0.08136221021413803,0.573939859867096,0.34347742795944214,-0.09080618619918823,0.5463467240333557,0.27653416991233826,-0.09716720879077911,thanks
0.29005342721939087,0.8751079440116882,-5.596729124590638e-08,0.27969202399253845,0.847545325756073,0.0073104300536215305,0.2638043761253357,0.8274781703948975,0.009819496423006058,0.25243619084358215,0.8146665096282959,0.010738504119217396,0.24928370118141174,0.7994985580444336,0.010966557078063488,0.243803009390831,0.8278278708457947,0.002945766318589449,0.21830397844314575,0.8308622241020203,0.001650395686738193,0.2036626935005188,0.8342402577400208,0.0018682623049244285,0.1931898295879364,0.8365874886512756,0.0019322915468364954,0.23959849774837494,0.8400983810424805,-0.0027607176452875137,0.20975978672504425,0.845695972442627,-0.005328594706952572,0.19472570717334747,0.848430335521698,-0.00522184744477272,0.1835334300994873,0.8506524562835693,-0.0047879586927592754,0.2379377782344818,0.8565717339515686,-0.007797685451805592,0.20969253778457642,0.8610280156135559,-0.010062907822430134,0.1955469250679016,0.8638221621513367,-0.009331188164651394,0.18490441143512726,0.8658514022827148,-0.008510401472449303,0.23864221572875977,0.8754865527153015,-0.012143176980316639,0.21582745015621185,0.8776230812072754,-0.013869842514395714,0.20347245037555695,0.8781864643096924,-0.012705803848803043,0.1945439726114273,0.8788782358169556,-0.011493622325360775,thanks
0.21404273808002472,0.7745950818061829,9.576853443604705e-08,0.22789862751960754,0.7544207572937012,0.0005483668646775186,0.24603582918643951,0.7382934093475342,-0.0014812435256317258,0.260001003742218,0.724723219871521,-0.004116901196539402,0.26596951484680176,0.7099114656448364,-0.0070036547258496284,0.250853568315506,0.7352463603019714,-0.006480097770690918,0.275357723236084,0.7261052131652832,-0.012229887768626213,0.2892850935459137,0.7217264175415039,-0.015360509976744652,0.3000338673591614,0.7178114652633667,-0.017082540318369865,0.2512321174144745,0.744317889213562,-0.010508078150451183,0.2783149182796478,0.733089804649353,-0.01538572646677494,0.2942380905151367,0.7272512912750244,-0.01819651573896408,0.30653879046440125,0.7227510213851929,-0.020113077014684677,0.2506631314754486,0.7565699815750122,-0.014302329160273075,0.27622270584106445,0.7469252943992615,-0.01853378303349018,0.2909758985042572,0.7413487434387207,-0.020611083135008812,0.30233073234558105,0.736874520778656,-0.02208193764090538,0.24936522543430328,0.7711471319198608,-0.017972305417060852,0.26835015416145325,0.7669522762298584,-0.020761653780937195,0.2800027132034302,0.7654118537902832,-0.021405188366770744,0.2902594804763794,0.7645586729049683,-0.021875211969017982,thanks
0.3574161231517792,0.9092487692832947,1.6741162900402173e-09,0.36727458238601685,0.8823595643043518,0.0014010689919814467,0.36717504262924194,0.8562745451927185,0.0010546412086114287,0.36337777972221375,0.8343082666397095,0.00011599621211644262,0.36554986238479614,0.818861722946167,-0.001313521177507937,0.3498498201370239,0.8435370326042175,-0.002169359941035509,0.3337191939353943,0.8187932968139648,-0.004859515465795994,0.32470226287841797,0.8066571354866028,-0.006679743994027376,0.3173043727874756,0.7979150414466858,-0.007838977500796318,0.340152770280838,0.8520556092262268,-0.004870554432272911,0.3244887888431549,0.8238663077354431,-0.007243168540298939,0.3151496648788452,0.8095602989196777,-0.008825785480439663,0.30790114402770996,0.7996699810028076,-0.009995261207222939,0.33198997378349304,0.8627818822860718,-0.0072198291309177876,0.31851959228515625,0.836837649345398,-0.00878232717514038,0.31056728959083557,0.8227841854095459,-0.008948136121034622,0.3048199415206909,0.8131503462791443,-0.009265564382076263,0.3248765766620636,0.8752169609069824,-0.009406354278326035,0.3153643310070038,0.854205310344696,-0.01045871339738369,0.3101487159729004,0.8420258164405823,-0.009467051364481449,0.30616265535354614,0.8322319984436035,-0.00855662114918232,thanks
0.19094258546829224,0.8457500338554382,-1.5695995614350977e-08,0.19102954864501953,0.8651211261749268,-0.010705365799367428,0.19928157329559326,0.8803163170814514,-0.022911589592695236,0.21643199026584625,0.8848397731781006,-0.03504186496138573,0.23434199392795563,0.8827272057533264,-0.04831961542367935,0.19420386850833893,0.8626186847686768,-0.02919990010559559,0.21425369381904602,0.8470755219459534,-0.04280644282698631,0.22463443875312805,0.8356616497039795,-0.051254622638225555,0.23261575400829315,0.8243297934532166,-0.056055959314107895,0.20250649750232697,0.8479326367378235,-0.03072146326303482,0.22944512963294983,0.8344325423240662,-0.04469135031104088,0.24642711877822876,0.8232032656669617,-0.04900123551487923,0.25779181718826294,0.8131327629089355,-0.051124583929777145,0.20915338397026062,0.8355603218078613,-0.03219195082783699,0.23311902582645416,0.8252214789390564,-0.04736148938536644,0.2507492005825043,0.813723087310791,-0.04926612228155136,0.2630128264427185,0.8047442436218262,-0.04780701547861099,0.21576617658138275,0.8255535960197449,-0.03418176248669624,0.23354539275169373,0.8189250826835632,-0.044369425624608994,0.24635449051856995,0.8106655478477478,-0.04367668181657791,0.2560776472091675,0.8043688535690308,-0.041606467217206955,thanks
0.7786238789558411,0.8592767715454102,3.5836754364027e-07,0.6696552038192749,0.8510571718215942,-0.03399011865258217,0.5604684352874756,0.7818782329559326,-0.045832350850105286,0.4802623987197876,0.7185185551643372,-0.056808579713106155,0.4143201410770416,0.6643331050872803,-0.06618225574493408,0.5576086044311523,0.581570565700531,-0.005670355632901192,0.4803664982318878,0.4781985580921173,-0.030236441642045975,0.4307076334953308,0.415929913520813,-0.0558505542576313,0.38757115602493286,0.35745877027511597,-0.07631361484527588,0.6023919582366943,0.524472713470459,-0.013105570338666439,0.5235297679901123,0.4007765054702759,-0.03211076185107231,0.4694926142692566,0.32221686840057373,-0.05706419423222542,0.4213317632675171,0.2600255012512207,-0.07613170146942139,0.6602659821510315,0.49761027097702026,-0.027519717812538147,0.5991089940071106,0.36850959062576294,-0.051350321620702744,0.5534759759902954,0.2895246744155884,-0.07137220352888107,0.5083461999893188,0.2256602644920349,-0.08581922203302383,0.7283809185028076,0.495117723941803,-0.046033866703510284,0.701481819152832,0.38154566287994385,-0.06859215348958969,0.6767963171005249,0.3061283230781555,-0.07935969531536102,0.6514569520950317,0.23953992128372192,-0.08673856407403946,thanks
0.18421225249767303,0.8502181768417358,9.833846803530832e-08,0.19706931710243225,0.8582136631011963,-0.008715244010090828,0.2129485011100769,0.8572088479995728,-0.013226526789367199,0.2258603572845459,0.8515720963478088,-0.017133986577391624,0.23771527409553528,0.848737359046936,-0.02084451913833618,0.22979331016540527,0.8278914093971252,-0.007146341260522604,0.24785642325878143,0.8132374286651611,-0.013687582686543465,0.25820016860961914,0.8038244843482971,-0.01898106187582016,0.2670591175556183,0.7954906225204468,-0.02246088720858097,0.22562861442565918,0.8172996640205383,-0.007505063898861408,0.2452659010887146,0.8006721138954163,-0.01339078787714243,0.258204847574234,0.7897355556488037,-0.01848415657877922,0.2692306339740753,0.7807667255401611,-0.021859999746084213,0.21888457238674164,0.809769868850708,-0.008984754793345928,0.23707641661167145,0.7938945293426514,-0.014594190753996372,0.2490876466035843,0.7842233777046204,-0.01819571666419506,0.2593105733394623,0.7769063711166382,-0.02026459202170372,0.2093326598405838,0.80394446849823,-0.011330836452543736,0.22288256883621216,0.7900012731552124,-0.016031915321946144,0.2320573627948761,0.7817031145095825,-0.017657367512583733,0.2403377890586853,0.7751572132110596,-0.018346937373280525,thanks
0.2366320937871933,0.9450228810310364,5.618009524255285e-08,0.22650274634361267,0.9171954989433289,0.0036084235180169344,0.22363752126693726,0.8886888027191162,0.0033487416803836823,0.22364409267902374,0.8654448390007019,0.0018864213488996029,0.22277526557445526,0.8488941192626953,0.0001528919383417815,0.22760938107967377,0.8793026208877563,-0.0008169048232957721,0.2339768260717392,0.8458288908004761,-0.004748237319290638,0.23857814073562622,0.8277334570884705,-0.007050526328384876,0.24209071695804596,0.8143868446350098,-0.008326960727572441,0.2356787919998169,0.882885754108429,-0.005713979247957468,0.24064724147319794,0.8458903431892395,-0.009143215604126453,0.24462327361106873,0.8262326121330261,-0.0111378850415349,0.2476053386926651,0.8120377063751221,-0.012588134966790676,0.24474050104618073,0.8880752921104431,-0.010333837009966373,0.2491511106491089,0.8527894020080566,-0.013325734063982964,0.25166136026382446,0.83316570520401,-0.014358220621943474,0.25287774205207825,0.8188298940658569,-0.015150795690715313,0.25520384311676025,0.8948431015014648,-0.01465977355837822,0.25817570090293884,0.8686297535896301,-0.01640140451490879,0.25883638858795166,0.8528485298156738,-0.01609274558722973,0.2590011656284332,0.8399451375007629,-0.015874993056058884,thanks
0.3540011942386627,0.8157830834388733,1.5743429671033482e-08,0.3405177593231201,0.8348532915115356,-0.004603949375450611,0.3218798339366913,0.8450994491577148,-0.006757665891200304,0.30530351400375366,0.8477775454521179,-0.009272354654967785,0.2924923002719879,0.8523763418197632,-0.011562642641365528,0.3033209443092346,0.829287588596344,-3.261097663198598e-05,0.2832863926887512,0.8254490494728088,-0.005262837745249271,0.27372175455093384,0.8215600252151489,-0.010163184255361557,0.2647772431373596,0.8177834749221802,-0.013818587176501751,0.3041630983352661,0.8179659247398376,-0.0020256424322724342,0.28152886033058167,0.8146214485168457,-0.006233853287994862,0.27005207538604736,0.811297595500946,-0.009933587163686752,0.26007917523384094,0.8083229660987854,-0.012772399000823498,0.3082623779773712,0.8077857494354248,-0.00526945386081934,0.2874341607093811,0.8044902086257935,-0.009415495209395885,0.2758835554122925,0.8037043809890747,-0.010924252681434155,0.2660899758338928,0.8029568791389465,-0.012218182906508446,0.31539517641067505,0.7961142659187317,-0.009335554204881191,0.3012451231479645,0.7938023805618286,-0.012300536036491394,0.2919604778289795,0.7940199375152588,-0.012332791462540627,0.28395846486091614,0.7945505380630493,-0.012507614679634571,thanks
0.390902042388916,0.8706700801849365,6.86668641947108e-08,0.38723936676979065,0.8449755907058716,0.0008627758361399174,0.37653613090515137,0.8225476741790771,-8.938994142226875e-06,0.36938756704330444,0.80572509765625,-0.0015255548059940338,0.3716106414794922,0.7926767468452454,-0.0036831579636782408,0.35920894145965576,0.8230612277984619,-0.003613824723288417,0.33812177181243896,0.8132146000862122,-0.006699289660900831,0.3253018260002136,0.8074261546134949,-0.008881556801497936,0.3149411082267761,0.8032923340797424,-0.010511854663491249,0.35449719429016113,0.8348101377487183,-0.006857792381197214,0.33137181401252747,0.8228710889816284,-0.009552687406539917,0.31689396500587463,0.8155573606491089,-0.011570480652153492,0.3053964376449585,0.8099850416183472,-0.013181549496948719,0.35111984610557556,0.8487463593482971,-0.009780523367226124,0.33019372820854187,0.8369272351264954,-0.011597486212849617,0.3170781135559082,0.8291594982147217,-0.013234159909188747,0.3071945011615753,0.8229126930236816,-0.014704311266541481,0.34889575839042664,0.864523708820343,-0.012636261992156506,0.33276644349098206,0.8544670939445496,-0.014228885062038898,0.3226323127746582,0.8481090664863586,-0.014623215422034264,0.31456494331359863,0.8428499102592468,-0.014922000467777252,thanks
0.23791120946407318,0.8926874995231628,6.854812539813793e-08,0.23587189614772797,0.863144040107727,-0.0009010250796563923,0.24220742285251617,0.8344993591308594,-0.0029614996165037155,0.24797675013542175,0.8128676414489746,-0.005290672183036804,0.24672426283359528,0.797528088092804,-0.007836495526134968,0.2604953944683075,0.8307607769966125,-0.005834363400936127,0.2821730375289917,0.8097304701805115,-0.010291830636560917,0.29421094059944153,0.7999225854873657,-0.012978365644812584,0.30366161465644836,0.7924747467041016,-0.01443379558622837,0.2689712643623352,0.8415918946266174,-0.008670865558087826,0.29214826226234436,0.8170144557952881,-0.011502521112561226,0.3047129809856415,0.8039791584014893,-0.012767445296049118,0.3146085739135742,0.7940279245376587,-0.013989913277328014,0.2752228379249573,0.8542844653129578,-0.011573835276067257,0.29691722989082336,0.8313907980918884,-0.0140321534126997,0.3087126612663269,0.8191794753074646,-0.014481092803180218,0.317918062210083,0.8096883296966553,-0.015127003192901611,0.27964892983436584,0.867386519908905,-0.014602763578295708,0.2963859736919403,0.8505242466926575,-0.016149889677762985,0.3058238625526428,0.8407023549079895,-0.015507780946791172,0.31339892745018005,0.8319642543792725,-0.015176958404481411,thanks
0.23655831813812256,0.8476700782775879,3.204244336529882e-08,0.24031962454319,0.8175968527793884,-0.001756674493663013,0.25165218114852905,0.7924465537071228,-0.0038893483579158783,0.2611079514026642,0.7735783457756042,-0.005889044143259525,0.26169222593307495,0.7580397725105286,-0.00809030793607235,0.26932886242866516,0.8022516369819641,-0.007867889478802681,0.2928229868412018,0.7864878177642822,-0.012188704684376717,0.306255966424942,0.7790737152099609,-0.014338105916976929,0.3166434168815613,0.7738711833953857,-0.015376475639641285,0.27607181668281555,0.817377507686615,-0.009749311953783035,0.30221205949783325,0.798033595085144,-0.012733209878206253,0.3164210319519043,0.7874979972839355,-0.01370145846158266,0.3268267512321472,0.7798184156417847,-0.014519712887704372,0.2800678610801697,0.8317386507987976,-0.01155243068933487,0.30521243810653687,0.8140008449554443,-0.014281445182859898,0.3181617259979248,0.803605854511261,-0.015138113871216774,0.32721301913261414,0.7957768440246582,-0.015776773914694786,0.2821289300918579,0.8443298935890198,-0.01342521607875824,0.30150073766708374,0.8336955308914185,-0.015433713793754578,0.31232237815856934,0.8266666531562805,-0.015445583499968052,0.3208063840866089,0.8203299045562744,-0.015403948724269867,thanks
0.7528622150421143,0.8579941987991333,3.6903387012898747e-07,0.6423481702804565,0.8511315584182739,-0.030182596296072006,0.5321152806282043,0.7829639911651611,-0.04177116975188255,0.45481523871421814,0.7210450768470764,-0.05299380049109459,0.39135533571243286,0.6722710132598877,-0.06367181986570358,0.5392940044403076,0.580895721912384,-0.010096317157149315,0.4618517756462097,0.472821444272995,-0.03366965800523758,0.41158366203308105,0.4104001522064209,-0.05715813487768173,0.36778557300567627,0.35418426990509033,-0.07583148777484894,0.5829041600227356,0.5296202301979065,-0.019988341256976128,0.5011245608329773,0.40722960233688354,-0.041681308299303055,0.44481801986694336,0.3307671844959259,-0.06649519503116608,0.3950533866882324,0.26984596252441406,-0.08468358963727951,0.6380881071090698,0.5035772323608398,-0.03578772768378258,0.5665602087974548,0.3783697187900543,-0.061254359781742096,0.5137529969215393,0.301729679107666,-0.08154414594173431,0.463615745306015,0.23943877220153809,-0.09539606422185898,0.7040051817893982,0.4970783293247223,-0.05505537986755371,0.6616564393043518,0.38113120198249817,-0.078850656747818,0.6263782382011414,0.3060355484485626,-0.08996549248695374,0.5908738374710083,0.24079692363739014,-0.09717359393835068,thanks
0.7270861864089966,0.9775204658508301,6.38004451047891e-07,0.619535505771637,0.9560180306434631,-0.027558591216802597,0.5116775631904602,0.8846991658210754,-0.03960553929209709,0.42824047803878784,0.8411970138549805,-0.05189201980829239,0.3574831485748291,0.8239786624908447,-0.0655808299779892,0.520649790763855,0.6777540445327759,-0.02793176844716072,0.4373060464859009,0.5561150908470154,-0.055579524487257004,0.3807808458805084,0.4877151548862457,-0.07731422781944275,0.33170539140701294,0.429660439491272,-0.09502273797988892,0.5739251375198364,0.6223036050796509,-0.04244815185666084,0.49455228447914124,0.47907090187072754,-0.06991302222013474,0.4377356171607971,0.3915676474571228,-0.09850616753101349,0.3859812617301941,0.31901416182518005,-0.1194472536444664,0.6419387459754944,0.602014422416687,-0.06106898561120033,0.6045019030570984,0.4415595233440399,-0.1017412468791008,0.5694568157196045,0.33468833565711975,-0.13665474951267242,0.5335432291030884,0.2458731234073639,-0.16012431681156158,0.7195225358009338,0.6156486868858337,-0.080695241689682,0.7442204356193542,0.47811266779899597,-0.1260770857334137,0.7553575038909912,0.38086339831352234,-0.15114569664001465,0.7625887989997864,0.2965870499610901,-0.1667400449514389,thanks
0.3969499170780182,0.891931414604187,-2.2631667206951533e-08,0.39348113536834717,0.8592618107795715,-0.0006307786679826677,0.37890100479125977,0.8376843333244324,-0.0011200495064258575,0.36398884654045105,0.8242861032485962,-0.001472910982556641,0.3571009039878845,0.8114176392555237,-0.0017352456925436854,0.35771316289901733,0.8453922271728516,-0.003759730374440551,0.33317527174949646,0.8364692330360413,-0.006193941924721003,0.3196815252304077,0.8346775770187378,-0.007638414856046438,0.3089950680732727,0.8353016376495361,-0.00868957955390215,0.35189089179039,0.8597561717033386,-0.004905398935079575,0.32559773325920105,0.8485323786735535,-0.00708730285987258,0.3110106587409973,0.8448697924613953,-0.008293937891721725,0.2992572486400604,0.8436760902404785,-0.009352053515613079,0.3493484854698181,0.872525155544281,-0.005741877015680075,0.32595402002334595,0.8617013692855835,-0.006975638214498758,0.3129604160785675,0.8576850295066833,-0.007234571967273951,0.3028540015220642,0.8564096093177795,-0.007780018728226423,0.3493587076663971,0.8832482099533081,-0.006620937958359718,0.3320550322532654,0.8747156262397766,-0.007005009334534407,0.321715384721756,0.8708043694496155,-0.006061785388737917,0.3138693869113922,0.8692799806594849,-0.005395994521677494,thanks
0.23359031975269318,0.9269614219665527,1.0006435502418753e-07,0.2326243370771408,0.8942732810974121,0.0006946194334886968,0.23866350948810577,0.865302562713623,-0.0013362268218770623,0.24557380378246307,0.84258633852005,-0.00408813264220953,0.2477550357580185,0.8244820237159729,-0.006930598057806492,0.24980415403842926,0.8606846332550049,-0.004729532636702061,0.27163419127464294,0.8325608372688293,-0.009320193901658058,0.28372031450271606,0.8200246691703796,-0.011592952534556389,0.29267919063568115,0.8109393119812012,-0.012522462755441666,0.25684964656829834,0.8697338104248047,-0.008425047621130943,0.2801184058189392,0.8384860157966614,-0.011576719582080841,0.29253679513931274,0.8234686255455017,-0.012846438214182854,0.3017652928829193,0.8127843737602234,-0.013919548131525517,0.2637350857257843,0.8805694580078125,-0.012074040248990059,0.2857411801815033,0.8527727127075195,-0.013977119699120522,0.2972925305366516,0.8384680151939392,-0.013983885757625103,0.30572324991226196,0.8277474045753479,-0.014442897401750088,0.2702232897281647,0.8926877379417419,-0.015816083177924156,0.28693488240242004,0.871846616268158,-0.015942776575684547,0.2962730824947357,0.8604934215545654,-0.014452400617301464,0.303697407245636,0.85108482837677,-0.013681177981197834,thanks
0.93333500623703,0.9635478258132935,3.2117594628289226e-07,0.8963018655776978,0.8770013451576233,0.010152701288461685,0.8343057632446289,0.8310201168060303,0.004553339444100857,0.7769911289215088,0.8126472234725952,-0.0013455533189699054,0.736288845539093,0.808403491973877,-0.01050226204097271,0.8078747987747192,0.8249194622039795,-0.04567699506878853,0.7207657098770142,0.7677968740463257,-0.06695426255464554,0.6713014841079712,0.734330952167511,-0.07576587051153183,0.6340551376342773,0.7055957317352295,-0.08045511692762375,0.798583447933197,0.8764282464981079,-0.06218470260500908,0.6978479623794556,0.8149119019508362,-0.08113159984350204,0.639037013053894,0.7741921544075012,-0.08894897997379303,0.5977760553359985,0.7368834018707275,-0.09555438160896301,0.7924817800521851,0.9384860396385193,-0.075177863240242,0.6965474486351013,0.8764141798019409,-0.09422379732131958,0.6389818787574768,0.8324775099754333,-0.10969401150941849,0.6002760529518127,0.7960163950920105,-0.12113715708255768,0.7895816564559937,1.0033438205718994,-0.0846770629286766,0.7084865570068359,0.9832218885421753,-0.10752065479755402,0.655697226524353,0.9722278714179993,-0.12194003164768219,0.6130958199501038,0.9630959033966064,-0.13133491575717926,thanks
0.40031906962394714,0.889184832572937,7.47729078653947e-09,0.4059791564941406,0.8624587059020996,0.0006731343455612659,0.4020427167415619,0.836340069770813,0.00015002676809672266,0.39802420139312744,0.8155503273010254,-0.0008972689975053072,0.4013064503669739,0.8019816279411316,-0.002566502895206213,0.38562285900115967,0.8259122371673584,-0.004681659862399101,0.36808717250823975,0.8039199113845825,-0.008083825930953026,0.3578817844390869,0.7921825647354126,-0.010287103243172169,0.3492381274700165,0.7836475968360901,-0.011728496290743351,0.3774496912956238,0.8354081511497498,-0.007635441143065691,0.35939112305641174,0.809122622013092,-0.010343830101191998,0.34833481907844543,0.7941086292266846,-0.0119528379291296,0.33942630887031555,0.7835553288459778,-0.013194597326219082,0.37065041065216064,0.8474265933036804,-0.010261889547109604,0.35507863759994507,0.8240522146224976,-0.01220617163926363,0.3455858826637268,0.809870183467865,-0.013294357806444168,0.3387039303779602,0.7996997833251953,-0.014345821924507618,0.36450207233428955,0.8617406487464905,-0.012808401137590408,0.35237276554107666,0.8449118733406067,-0.014664051122963428,0.34520792961120605,0.8339876532554626,-0.014684225432574749,0.3396739959716797,0.8253816962242126,-0.014623432420194149,thanks
0.24373719096183777,0.9448373913764954,1.5861753865920036e-07,0.2353014200925827,0.9140340685844421,-0.0023579676635563374,0.23678097128868103,0.8813045620918274,-0.005957563407719135,0.2412414848804474,0.855121374130249,-0.009268240071833134,0.23934926092624664,0.8361423015594482,-0.012794959358870983,0.25233763456344604,0.8725596070289612,-0.01197416428476572,0.27362769842147827,0.8374635577201843,-0.01841846853494644,0.28663328289985657,0.8195905685424805,-0.02169916220009327,0.296398788690567,0.8069983720779419,-0.023099293932318687,0.2641107738018036,0.8808192610740662,-0.014210914261639118,0.28501221537590027,0.8403040170669556,-0.018393991515040398,0.29721468687057495,0.8188892006874084,-0.019822265952825546,0.3062151074409485,0.8042018413543701,-0.02090476080775261,0.27407532930374146,0.8914080262184143,-0.016233332455158234,0.2922898530960083,0.8537718653678894,-0.019508976489305496,0.3030139207839966,0.8334419131278992,-0.020350433886051178,0.3111073672771454,0.8193267583847046,-0.02125523053109646,0.2823720872402191,0.9035332798957825,-0.01838132180273533,0.2985214293003082,0.8801198601722717,-0.020817287266254425,0.3082521855831146,0.8668062090873718,-0.02069832757115364,0.3159474730491638,0.8563430905342102,-0.020535945892333984,thanks
0.3572038412094116,0.5762727856636047,-9.494187338532356e-07,0.3265761137008667,0.6584963798522949,-0.08272605389356613,0.26552459597587585,0.7321887016296387,-0.13864053785800934,0.21044330298900604,0.8046109080314636,-0.17823255062103271,0.1949709802865982,0.8561970591545105,-0.20826245844364166,0.20292699337005615,0.5358590483665466,-0.1458839625120163,0.21242842078208923,0.77408766746521,-0.1920086294412613,0.26651573181152344,0.8040086030960083,-0.2033187747001648,0.28194063901901245,0.7475274801254272,-0.20930300652980804,0.22819110751152039,0.4943843185901642,-0.13008449971675873,0.2393907606601715,0.7824180126190186,-0.17008207738399506,0.29733899235725403,0.7930445671081543,-0.16638720035552979,0.31880494952201843,0.7360124588012695,-0.165609210729599,0.26065319776535034,0.48425573110580444,-0.11681976169347763,0.27545249462127686,0.7639120817184448,-0.15268570184707642,0.3280981183052063,0.7626255750656128,-0.13795551657676697,0.3456606864929199,0.7004719376564026,-0.12973497807979584,0.2956947088241577,0.49856576323509216,-0.11190750449895859,0.30586254596710205,0.7173252105712891,-0.13340364396572113,0.3406144976615906,0.7486188411712646,-0.12364723533391953,0.355819433927536,0.7183054685592651,-0.11565957218408585,yes
0.6755071878433228,0.6136828660964966,-6.872418225611909e-07,0.582638144493103,0.7385390400886536,-0.031638119369745255,0.49384281039237976,0.8359144926071167,-0.058233439922332764,0.43838271498680115,0.9082413911819458,-0.0810588151216507,0.41264602541923523,0.9432235360145569,-0.09966472536325455,0.4673984944820404,0.7260282039642334,-0.059473153203725815,0.5321686267852783,0.927890419960022,-0.09393412619829178,0.5750413537025452,0.9237024188041687,-0.10747456550598145,0.5557936429977417,0.8672621846199036,-0.11783675849437714,0.5365505814552307,0.6635092496871948,-0.0663982555270195,0.6145560145378113,0.9023169875144958,-0.09371905028820038,0.6457235217094421,0.8747634291648865,-0.09197627753019333,0.617591142654419,0.8136316537857056,-0.09449400752782822,0.6119551062583923,0.6236011981964111,-0.07593240588903427,0.6840904951095581,0.849443256855011,-0.09746403247117996,0.7058660984039307,0.8226822018623352,-0.08134646713733673,0.6852624416351318,0.7637222409248352,-0.07457098364830017,0.6841132640838623,0.5976123809814453,-0.08929169923067093,0.7460237741470337,0.7753462791442871,-0.10601816326379776,0.7553194761276245,0.7607681155204773,-0.09840699285268784,0.7388975620269775,0.7119176387786865,-0.09304873645305634,yes
0.6891472339630127,0.4887012541294098,-1.165875005426642e-06,0.5930431485176086,0.6523095965385437,-0.018358124420046806,0.5116219520568848,0.7415599822998047,-0.050587840378284454,0.45743513107299805,0.8071576952934265,-0.08774874359369278,0.4207516014575958,0.8218854665756226,-0.11921003460884094,0.3655315041542053,0.5627825260162354,-0.02985662780702114,0.356218546628952,0.7567809820175171,-0.08773258328437805,0.4136960506439209,0.7821534872055054,-0.12262362241744995,0.4520018398761749,0.7568057775497437,-0.14136016368865967,0.39731085300445557,0.5204347372055054,-0.05169334262609482,0.4045429527759552,0.7527865767478943,-0.106778085231781,0.47170472145080566,0.7498111128807068,-0.12039486318826675,0.4983777701854706,0.6986144781112671,-0.12472961097955704,0.4486965239048004,0.49757906794548035,-0.07923440635204315,0.472981333732605,0.7279418706893921,-0.12376490235328674,0.5342716574668884,0.7129893898963928,-0.1088094487786293,0.5463876128196716,0.6588528156280518,-0.09529966115951538,0.5116754174232483,0.4999355971813202,-0.11084209382534027,0.5368634462356567,0.6810637712478638,-0.1353180706501007,0.5765032172203064,0.6765941381454468,-0.12249043583869934,0.5833576321601868,0.6303860545158386,-0.10918188840150833,yes
0.6394813060760498,0.5534467697143555,-1.2408745533321053e-06,0.5212090611457825,0.6802976131439209,-0.0070116110146045685,0.4240821301937103,0.7314341068267822,-0.02821364998817444,0.35304439067840576,0.7539553642272949,-0.05614908039569855,0.30526003241539,0.7464720010757446,-0.07628835737705231,0.3269689083099365,0.5187963247299194,0.0010532924206927419,0.27482205629348755,0.6813911199569702,-0.05049426108598709,0.3445703983306885,0.7117457389831543,-0.08210834860801697,0.3832952380180359,0.684558093547821,-0.09931798279285431,0.3519648313522339,0.48086896538734436,-0.02009897492825985,0.31456494331359863,0.6890878081321716,-0.07385138422250748,0.387783020734787,0.7061100006103516,-0.08409734070301056,0.4171249270439148,0.6613883972167969,-0.0843302309513092,0.39121049642562866,0.4685281217098236,-0.0476304292678833,0.36508041620254517,0.674127459526062,-0.0916685163974762,0.4331820607185364,0.6862286329269409,-0.07045687735080719,0.45632854104042053,0.6404187083244324,-0.04986412078142166,0.440243661403656,0.48097074031829834,-0.07829819619655609,0.42310646176338196,0.6393340826034546,-0.10164774954319,0.4668416380882263,0.647101879119873,-0.08627408742904663,0.48328718543052673,0.6031595468521118,-0.06974134594202042,yes
0.698822021484375,0.5322503447532654,-6.202400868460245e-07,0.6100366711616516,0.6670854687690735,-0.028435492888092995,0.5639685988426208,0.769594132900238,-0.07099990546703339,0.5666090250015259,0.8639956712722778,-0.11305531859397888,0.5968173146247864,0.9021162986755371,-0.15240392088890076,0.4673820436000824,0.6281139850616455,-0.08305255323648453,0.4881662428379059,0.8273689150810242,-0.12940117716789246,0.5435781478881836,0.8347050547599792,-0.1470499187707901,0.549067497253418,0.7853347063064575,-0.15803629159927368,0.5306203961372375,0.5745875239372253,-0.09863325953483582,0.5888508558273315,0.8030034303665161,-0.140994131565094,0.6288951635360718,0.7890233993530273,-0.14006967842578888,0.6159635782241821,0.7351906299591064,-0.1412552446126938,0.60456782579422,0.5460830926895142,-0.1160430908203125,0.6747596859931946,0.7618657946586609,-0.14530976116657257,0.6979117393493652,0.7397960424423218,-0.12521931529045105,0.6767371892929077,0.685729444026947,-0.11487053334712982,0.6769059300422668,0.5353496670722961,-0.1373974233865738,0.73419189453125,0.7024697065353394,-0.15190187096595764,0.7429021596908569,0.6922146081924438,-0.13612647354602814,0.7223390936851501,0.6481176614761353,-0.1255502551794052,yes
0.22095626592636108,0.7469183802604675,-1.0345787160304099e-07,0.2842026948928833,0.7931235432624817,-0.03892834857106209,0.3254794776439667,0.8499675393104553,-0.07278009504079819,0.3300543427467346,0.8994480967521667,-0.10278836637735367,0.303577721118927,0.939947783946991,-0.13205212354660034,0.3162599503993988,0.7530264258384705,-0.09369334578514099,0.28555113077163696,0.8907671570777893,-0.13254427909851074,0.26957806944847107,0.9143965244293213,-0.15159854292869568,0.2642827033996582,0.8836123943328857,-0.16455018520355225,0.25630903244018555,0.7199687361717224,-0.09681754559278488,0.22211909294128418,0.8844506740570068,-0.1277395635843277,0.2195574939250946,0.8956032395362854,-0.1288856416940689,0.22391635179519653,0.8587169647216797,-0.13480137288570404,0.1994885504245758,0.7157191634178162,-0.10082439333200455,0.17192323505878448,0.864249587059021,-0.12597699463367462,0.17800407111644745,0.8749324083328247,-0.11341705918312073,0.18658244609832764,0.8432061076164246,-0.10688574612140656,0.15221744775772095,0.7197629809379578,-0.11000783741474152,0.13185541331768036,0.8397523164749146,-0.12806853652000427,0.1403968781232834,0.8491093516349792,-0.12099826335906982,0.1453205645084381,0.8248494267463684,-0.11677908897399902,yes
0.7166733741760254,0.5445614457130432,-4.991558171241195e-07,0.630206823348999,0.6562249064445496,-0.025723082944750786,0.5823724269866943,0.7697095274925232,-0.06330183148384094,0.5907518267631531,0.8806343078613281,-0.09958530962467194,0.6321982741355896,0.9276762008666992,-0.1341676563024521,0.5007286071777344,0.6546634435653687,-0.07748426496982574,0.5426506400108337,0.8469028472900391,-0.11493553966283798,0.59241783618927,0.8380399942398071,-0.1298423707485199,0.5896700024604797,0.7859777808189392,-0.14207975566387177,0.5680477619171143,0.6030247211456299,-0.09306581318378448,0.6367499828338623,0.8199794888496399,-0.12675073742866516,0.6730735301971436,0.7939529418945312,-0.1251278668642044,0.6553159356117249,0.7387554049491882,-0.12862449884414673,0.6453059315681458,0.5734398365020752,-0.10922526568174362,0.7127398252487183,0.7788479924201965,-0.13458266854286194,0.7362173199653625,0.7579829096794128,-0.11585772037506104,0.7161694765090942,0.7075288891792297,-0.10781785100698471,0.7207396030426025,0.5590288043022156,-0.1284841150045395,0.7763595581054688,0.7252166271209717,-0.14663545787334442,0.7846829295158386,0.7180501222610474,-0.13361497223377228,0.7670880556106567,0.6759611964225769,-0.12515874207019806,yes
0.6075649261474609,0.5649808049201965,-1.2145856089773588e-06,0.5249500870704651,0.7360696196556091,-0.012610811740159988,0.4494156539440155,0.8349693417549133,-0.03849112614989281,0.39860159158706665,0.9087985157966614,-0.0686696246266365,0.35885000228881836,0.9624126553535461,-0.09370202571153641,0.294393926858902,0.6824027299880981,-0.03480715677142143,0.29144302010536194,0.8703798055648804,-0.08887239545583725,0.36416399478912354,0.867979109287262,-0.1169721707701683,0.3897688388824463,0.824863076210022,-0.13144662976264954,0.32815444469451904,0.619025707244873,-0.055901899933815,0.361601859331131,0.843976616859436,-0.1064755916595459,0.43190574645996094,0.8301877379417419,-0.11153937876224518,0.44430655241012573,0.7800874710083008,-0.11092521995306015,0.3849155306816101,0.5797378420829773,-0.08179330080747604,0.4341740012168884,0.7955684065818787,-0.12604786455631256,0.4908829927444458,0.7724089622497559,-0.10691133886575699,0.49064046144485474,0.7176476120948792,-0.08980594575405121,0.45329540967941284,0.5600836277008057,-0.11005335301160812,0.49871617555618286,0.7328073978424072,-0.1354859322309494,0.5345839262008667,0.7227439880371094,-0.12120522558689117,0.5305501222610474,0.6744468808174133,-0.1060982421040535,yes
0.7538571953773499,0.6459023952484131,-2.614908112263947e-07,0.7086806297302246,0.7561131715774536,-0.05054663494229317,0.704257607460022,0.8655049800872803,-0.10987775027751923,0.7546983361244202,0.949660062789917,-0.16194196045398712,0.8170459866523743,0.9594051837921143,-0.21450692415237427,0.6682727932929993,0.6960539221763611,-0.1335040181875229,0.7405890822410583,0.8914141654968262,-0.17343464493751526,0.7617627382278442,0.8916807174682617,-0.1938106268644333,0.7453026175498962,0.8342263698577881,-0.21063031256198883,0.745028018951416,0.6318652033805847,-0.14004716277122498,0.8295242786407471,0.8681930303573608,-0.16160762310028076,0.8321622014045715,0.8492810726165771,-0.15655933320522308,0.804362952709198,0.7890479564666748,-0.16436608135700226,0.8206624984741211,0.5982016324996948,-0.1458507627248764,0.8966569304466248,0.8249003887176514,-0.15589460730552673,0.889731764793396,0.8081817030906677,-0.12225530296564102,0.863834798336029,0.7568840980529785,-0.10897067189216614,0.888762891292572,0.5897420644760132,-0.1593005657196045,0.9454002380371094,0.7567688822746277,-0.16732417047023773,0.9398293495178223,0.7474814653396606,-0.14174877107143402,0.9217474460601807,0.7098025679588318,-0.12669546902179718,yes
0.20806702971458435,0.7069676518440247,-2.772468405964901e-07,0.2632402181625366,0.7425075769424438,-0.03821323439478874,0.31577903032302856,0.7755160927772522,-0.0667094811797142,0.3368135094642639,0.7980338931083679,-0.09024664014577866,0.30404287576675415,0.7937005758285522,-0.11104151606559753,0.31606248021125793,0.6506696939468384,-0.08316338062286377,0.2791597843170166,0.7588494420051575,-0.12472192198038101,0.2638351619243622,0.8037238121032715,-0.1459217667579651,0.2638041377067566,0.7865856289863586,-0.15895512700080872,0.25701388716697693,0.618965744972229,-0.08496366441249847,0.21860745549201965,0.7642796039581299,-0.11875864863395691,0.21819832921028137,0.7989004850387573,-0.12281175702810287,0.2268892526626587,0.769328773021698,-0.12906315922737122,0.20098024606704712,0.6167402863502502,-0.08865930140018463,0.1718006581068039,0.7552562952041626,-0.11587030440568924,0.17856121063232422,0.7826648950576782,-0.1064472422003746,0.1897963285446167,0.7517237663269043,-0.10143061727285385,0.15363410115242004,0.6263671517372131,-0.09731969237327576,0.13555064797401428,0.7362185716629028,-0.11542291939258575,0.14270620048046112,0.7584725618362427,-0.11091522872447968,0.14656396210193634,0.7382851839065552,-0.10810282826423645,yes
